<?xml version="1.0" encoding="UTF-8"?>
<?xml-stylesheet type="text/xsl" href="yaha_pdi.xsl"?>

<pdi>
  <process_data>
       <processTag>recordTimeStampWS1</processTag>
       <valueType>TEXT</valueType>
       <valueREAL></valueREAL>
       <valueTEXT></valueTEXT>
       <domain>Main Control</domain>
       <owner>internal</owner>
       <deviceID></deviceID>
       <lowREAL></lowREAL>
       <highREAL></highREAL>
       <zone>GF</zone>
       <subzone>Garden</subzone>
       <room></room>
       <isRemanent></isRemanent>
    </process_data>
  <process_data>
       <processTag>actTempIndoorWS1</processTag>
       <valueType>REAL</valueType>
       <valueREAL>0</valueREAL>
       <valueTEXT></valueTEXT>
       <domain>Main Control</domain>
       <owner>internal</owner>
       <deviceID></deviceID>
       <lowREAL>-100.0</lowREAL>
       <highREAL>100.0</highREAL>
       <zone>GF</zone>
       <subzone>Garden</subzone>
       <room></room>
       <isRemanent></isRemanent>
    </process_data>
  <process_data>
       <processTag>actTempOutdoorWS1</processTag>
       <valueType>REAL</valueType>
       <valueREAL>0</valueREAL>
       <valueTEXT></valueTEXT>
       <domain>Main Control</domain>
       <owner>internal</owner>
       <deviceID></deviceID>
       <lowREAL>-100.0</lowREAL>
       <highREAL>100.0</highREAL>
       <zone>GF</zone>
       <subzone>Garden</subzone>
       <room></room>
       <isRemanent></isRemanent>
    </process_data>
  <process_data>
       <processTag>actTempOutdoorFeelsLikeWS1</processTag>
       <valueType>REAL</valueType>
       <valueREAL>0</valueREAL>
       <valueTEXT></valueTEXT>
       <domain>Main Control</domain>
       <owner>internal</owner>
       <deviceID></deviceID>
       <lowREAL>-100.0</lowREAL>
       <highREAL>100.0</highREAL>
       <zone>GF</zone>
       <subzone>Garden</subzone>
       <room></room>
       <isRemanent></isRemanent>
    </process_data>
  <process_data>
       <processTag>actHumidityIndoorWS1</processTag>
       <valueType>REAL</valueType>
       <valueREAL>0</valueREAL>
       <valueTEXT></valueTEXT>
       <domain>Main Control</domain>
       <owner>internal</owner>
       <deviceID></deviceID>
       <lowREAL>0</lowREAL>
       <highREAL>100.0</highREAL>
       <zone>GF</zone>
       <subzone>Garden</subzone>
       <room></room>
       <isRemanent></isRemanent>
    </process_data>
  <process_data>
       <processTag>actHumidityOutdoorWS1</processTag>
       <valueType>REAL</valueType>
       <valueREAL>0</valueREAL>
       <valueTEXT></valueTEXT>
       <domain>Main Control</domain>
       <owner>internal</owner>
       <deviceID></deviceID>
       <lowREAL>0</lowREAL>
       <highREAL>100.0</highREAL>
       <zone>GF</zone>
       <subzone>Garden</subzone>
       <room></room>
       <isRemanent></isRemanent>
    </process_data>
  <process_data>
       <processTag>absolutePressureWS1</processTag>
       <valueType>REAL</valueType>
       <valueREAL>0</valueREAL>
       <valueTEXT></valueTEXT>
       <domain>Main Control</domain>
       <owner>internal</owner>
       <deviceID></deviceID>
       <lowREAL>0</lowREAL>
       <highREAL>10000.0</highREAL>
       <zone>GF</zone>
       <subzone>Garden</subzone>
       <room></room>
       <isRemanent></isRemanent>
    </process_data>
  <process_data>
       <processTag>relativePressureWS1</processTag>
       <valueType>REAL</valueType>
       <valueREAL>0</valueREAL>
       <valueTEXT></valueTEXT>
       <domain>Main Control</domain>
       <owner>internal</owner>
       <deviceID></deviceID>
       <lowREAL>0</lowREAL>
       <highREAL>10000.0</highREAL>
       <zone>GF</zone>
       <subzone>Garden</subzone>
       <room></room>
       <isRemanent></isRemanent>
    </process_data>
  <process_data>
       <processTag>windDirectionWS1</processTag>
       <valueType>REAL</valueType>
       <valueREAL>0</valueREAL>
       <valueTEXT></valueTEXT>
       <domain>Main Control</domain>
       <owner>internal</owner>
       <deviceID></deviceID>
       <lowREAL>0</lowREAL>
       <highREAL>360.0</highREAL>
       <zone>GF</zone>
       <subzone>Garden</subzone>
       <room></room>
       <isRemanent></isRemanent>
    </process_data>
  <process_data>
       <processTag>windSpeedWS1</processTag>
       <valueType>REAL</valueType>
       <valueREAL>0</valueREAL>
       <valueTEXT></valueTEXT>
       <domain>Main Control</domain>
       <owner>internal</owner>
       <deviceID></deviceID>
       <lowREAL>0</lowREAL>
       <highREAL>300.0</highREAL>
       <zone>GF</zone>
       <subzone>Garden</subzone>
       <room></room>
       <isRemanent></isRemanent>
    </process_data>
  <process_data>
       <processTag>windGustWS1</processTag>
       <valueType>REAL</valueType>
       <valueREAL>0</valueREAL>
       <valueTEXT></valueTEXT>
       <domain>Main Control</domain>
       <owner>internal</owner>
       <deviceID></deviceID>
       <lowREAL>0</lowREAL>
       <highREAL>300.0</highREAL>
       <zone>GF</zone>
       <subzone>Garden</subzone>
       <room></room>
       <isRemanent></isRemanent>
    </process_data>
  <process_data>
       <processTag>solarRadiationWS1</processTag>
       <valueType>REAL</valueType>
       <valueREAL>0</valueREAL>
       <valueTEXT></valueTEXT>
       <domain>Main Control</domain>
       <owner>internal</owner>
       <deviceID></deviceID>
       <lowREAL>0</lowREAL>
       <highREAL>10000.0</highREAL>
       <zone>GF</zone>
       <subzone>Garden</subzone>
       <room></room>
       <isRemanent></isRemanent>
    </process_data>
  <process_data>
       <processTag>uvRadiationWS1</processTag>
       <valueType>REAL</valueType>
       <valueREAL>0</valueREAL>
       <valueTEXT></valueTEXT>
       <domain>Main Control</domain>
       <owner>internal</owner>
       <deviceID></deviceID>
       <lowREAL>0</lowREAL>
       <highREAL>10000.0</highREAL>
       <zone>GF</zone>
       <subzone>Garden</subzone>
       <room></room>
       <isRemanent></isRemanent>
    </process_data>
  <process_data>
       <processTag>uvRadiationIndexWS1</processTag>
       <valueType>REAL</valueType>
       <valueREAL>0</valueREAL>
       <valueTEXT></valueTEXT>
       <domain>Main Control</domain>
       <owner>internal</owner>
       <deviceID></deviceID>
       <lowREAL>0</lowREAL>
       <highREAL>10000.0</highREAL>
       <zone>GF</zone>
       <subzone>Garden</subzone>
       <room></room>
       <isRemanent></isRemanent>
    </process_data>
  <process_data>
       <processTag>rainHourlyWS1</processTag>
       <valueType>REAL</valueType>
       <valueREAL>0</valueREAL>
       <valueTEXT></valueTEXT>
       <domain>Main Control</domain>
       <owner>internal</owner>
       <deviceID></deviceID>
       <lowREAL>0</lowREAL>
       <highREAL>10000.0</highREAL>
       <zone>GF</zone>
       <subzone>Garden</subzone>
       <room></room>
       <isRemanent></isRemanent>
    </process_data>
  <process_data>
       <processTag>weatherConditionWS1</processTag>
       <valueType>REAL</valueType>
       <valueREAL>0</valueREAL>
       <valueTEXT></valueTEXT>
       <domain>Main Control</domain>
       <owner>internal</owner>
       <deviceID></deviceID>
       <lowREAL>0</lowREAL>
       <highREAL>10</highREAL>
       <zone>GF</zone>
       <subzone>Garden</subzone>
       <room></room>
       <isRemanent></isRemanent>
    </process_data>
  <process_data>
       <processTag>isCloudyWS1</processTag>
       <valueType>REAL</valueType>
       <valueREAL>0</valueREAL>
       <valueTEXT></valueTEXT>
       <domain>Main Control</domain>
       <owner>internal</owner>
       <deviceID></deviceID>
       <lowREAL>0</lowREAL>
       <highREAL>1</highREAL>
       <zone>GF</zone>
       <subzone>Garden</subzone>
       <room></room>
       <isRemanent></isRemanent>
    </process_data>
  <process_data>
       <processTag>indoorSensorBatteryStatusWS1</processTag>
       <valueType>REAL</valueType>
       <valueREAL>0</valueREAL>
       <valueTEXT></valueTEXT>
       <domain>Main Control</domain>
       <owner>internal</owner>
       <deviceID></deviceID>
       <lowREAL>0</lowREAL>
       <highREAL>1</highREAL>
       <zone>GF</zone>
       <subzone>Garden</subzone>
       <room></room>
       <isRemanent></isRemanent>
    </process_data>
  <process_data>
       <processTag>outdoorSensorBatteryStatusWS1</processTag>
       <valueType>REAL</valueType>
       <valueREAL>0</valueREAL>
       <valueTEXT></valueTEXT>
       <domain>Main Control</domain>
       <owner>internal</owner>
       <deviceID></deviceID>
       <lowREAL>0</lowREAL>
       <highREAL>1</highREAL>
       <zone>GF</zone>
       <subzone>Garden</subzone>
       <room></room>
       <isRemanent></isRemanent>
    </process_data>
  <process_data>
       <processTag>actTempOutdoorTrendWS1</processTag>
       <valueType>REAL</valueType>
       <valueREAL>0</valueREAL>
       <valueTEXT></valueTEXT>
       <domain>Main Control</domain>
       <owner>internal</owner>
       <deviceID></deviceID>
       <lowREAL>-1.0</lowREAL>
       <highREAL>1.0</highREAL>
       <zone>GF</zone>
       <subzone>Garden</subzone>
       <room></room>
       <isRemanent></isRemanent>
    </process_data>
  <process_data>
       <processTag>relativePressureTrendWS1</processTag>
       <valueType>REAL</valueType>
       <valueREAL>0</valueREAL>
       <valueTEXT></valueTEXT>
       <domain>Main Control</domain>
       <owner>internal</owner>
       <deviceID></deviceID>
       <lowREAL>-1.0</lowREAL>
       <highREAL>1.0</highREAL>
       <zone>GF</zone>
       <subzone>Garden</subzone>
       <room></room>
       <isRemanent></isRemanent>
    </process_data>
  <process_data>
       <processTag>uvRadiationIndexTrendWS1</processTag>
       <valueType>REAL</valueType>
       <valueREAL>0</valueREAL>
       <valueTEXT></valueTEXT>
       <domain>Main Control</domain>
       <owner>internal</owner>
       <deviceID></deviceID>
       <lowREAL>-1.0</lowREAL>
       <highREAL>1.0</highREAL>
       <zone>GF</zone>
       <subzone>Garden</subzone>
       <room></room>
       <isRemanent></isRemanent>
    </process_data>
  <process_data>
       <processTag>actHumidityOutdoorTrendWS1</processTag>
       <valueType>REAL</valueType>
       <valueREAL>0</valueREAL>
       <valueTEXT></valueTEXT>
       <domain>Main Control</domain>
       <owner>internal</owner>
       <deviceID></deviceID>
       <lowREAL>-1.0</lowREAL>
       <highREAL>1.0</highREAL>
       <zone>GF</zone>
       <subzone>Garden</subzone>
       <room></room>
       <isRemanent></isRemanent>
    </process_data>
</pdi>
