<?xml version="1.0" encoding="UTF-8"?>
<?xml-stylesheet type="text/xsl" href="yaha_pdi.xsl"?>

<pdi>
  <process_data>
       <processTag>switch1</processTag>
       <valueType>REAL</valueType>
       <valueREAL>0.0</valueREAL>
       <valueTEXT></valueTEXT>
       <domain>Main Control</domain>
       <owner>enocean</owner>
       <deviceID>002af41a.IN.F6_02_01.x.rockerB0</deviceID>
       <lowREAL>0.0</lowREAL>
       <highREAL>1.0</highREAL>
       <zone>GF</zone>
       <subzone>Family</subzone>
       <room>Living room</room>
       <isRemanent></isRemanent>
    </process_data>
  <process_data>
       <processTag>ioLight1offOn</processTag>
       <valueType>REAL</valueType>
       <valueREAL>0.0</valueREAL>
       <valueTEXT></valueTEXT>
       <domain>Main Control</domain>
       <owner>enocean.0</owner>
       <deviceID>ffe04d80.OUT.A5_38_08.cmd:0x01.switchOffOn</deviceID>
       <lowREAL>0.0</lowREAL>
       <highREAL>1.0</highREAL>
       <zone>GF</zone>
       <subzone>Family</subzone>
       <room>Kitchen</room>
       <isRemanent></isRemanent>
    </process_data>
  <process_data>
       <processTag>ioLight1onTime</processTag>
       <valueType>REAL</valueType>
       <valueREAL>0.0</valueREAL>
       <valueTEXT></valueTEXT>
       <domain>Main Control</domain>
       <owner>enocean.0</owner>
       <deviceID>ffe04d80.IN.A5_11_04.x.onTime</deviceID>
       <lowREAL>0.0</lowREAL>
       <highREAL>100000.0</highREAL>
       <zone>GF</zone>
       <subzone>Family</subzone>
       <room>Kitchen</room>
       <isRemanent></isRemanent>
    </process_data>
  <process_data>
       <processTag>ioLight1energy</processTag>
       <valueType>REAL</valueType>
       <valueREAL>0.0</valueREAL>
       <valueTEXT></valueTEXT>
       <domain>Main Control</domain>
       <owner>enocean.0</owner>
       <deviceID>ffe04d80.IN.A5_11_04.x.energy</deviceID>
       <lowREAL>0.0</lowREAL>
       <highREAL>100000.0</highREAL>
       <zone>GF</zone>
       <subzone>Family</subzone>
       <room>Kitchen</room>
       <isRemanent></isRemanent>
    </process_data>
  <process_data>
       <processTag>ioLight1switchedOn</processTag>
       <valueType>REAL</valueType>
       <valueREAL>0.0</valueREAL>
       <valueTEXT></valueTEXT>
       <domain>Main Control</domain>
       <owner>enocean.0</owner>
       <deviceID>ffe04d80.IN.A5_11_04.x.switchedOn</deviceID>
       <lowREAL>0.0</lowREAL>
       <highREAL>1.0</highREAL>
       <zone>GF</zone>
       <subzone>Family</subzone>
       <room>Kitchen</room>
       <isRemanent></isRemanent>
    </process_data>
  <process_data>
       <processTag>ioLight1teach</processTag>
       <valueType>REAL</valueType>
       <valueREAL>0.0</valueREAL>
       <valueTEXT></valueTEXT>
       <domain>Main Control</domain>
       <owner>enocean.0</owner>
       <deviceID>ffe04d80.OUT.A5_38_08.cmd:0x01.learning</deviceID>
       <lowREAL>0.0</lowREAL>
       <highREAL>1.0</highREAL>
       <zone>GF</zone>
       <subzone>Family</subzone>
       <room>Kitchen</room>
       <isRemanent></isRemanent>
    </process_data>
  <process_data>
       <processTag>ioLight2offOn</processTag>
       <valueType>REAL</valueType>
       <valueREAL>0.0</valueREAL>
       <valueTEXT></valueTEXT>
       <domain>Main Control</domain>
       <owner>enocean.1</owner>
       <deviceID>ffdf7880.OUT.A5_38_08.cmd:0x01.switchOffOn</deviceID>
       <lowREAL>0.0</lowREAL>
       <highREAL>1.0</highREAL>
       <zone>GF</zone>
       <subzone>Family</subzone>
       <room>Living room</room>
       <isRemanent></isRemanent>
    </process_data>
  <process_data>
       <processTag>ioLight2onTime</processTag>
       <valueType>REAL</valueType>
       <valueREAL>0.0</valueREAL>
       <valueTEXT></valueTEXT>
       <domain>Main Control</domain>
       <owner>enocean.1</owner>
       <deviceID>ffdf7880.IN.A5_11_04.x.onTime</deviceID>
       <lowREAL>0.0</lowREAL>
       <highREAL>100000.0</highREAL>
       <zone>GF</zone>
       <subzone>Family</subzone>
       <room>Living room</room>
       <isRemanent></isRemanent>
    </process_data>
  <process_data>
       <processTag>ioLight2energy</processTag>
       <valueType>REAL</valueType>
       <valueREAL>0.0</valueREAL>
       <valueTEXT></valueTEXT>
       <domain>Main Control</domain>
       <owner>enocean.1</owner>
       <deviceID>ffdf7880.IN.A5_11_04.x.energy</deviceID>
       <lowREAL>0.0</lowREAL>
       <highREAL>100000.0</highREAL>
       <zone>GF</zone>
       <subzone>Family</subzone>
       <room>Living room</room>
       <isRemanent></isRemanent>
    </process_data>
  <process_data>
       <processTag>ioLight2switchedOn</processTag>
       <valueType>REAL</valueType>
       <valueREAL>0.0</valueREAL>
       <valueTEXT></valueTEXT>
       <domain>Main Control</domain>
       <owner>enocean.1</owner>
       <deviceID>ffdf7880.IN.A5_11_04.x.switchedOn</deviceID>
       <lowREAL>0.0</lowREAL>
       <highREAL>1.0</highREAL>
       <zone>GF</zone>
       <subzone>Family</subzone>
       <room>Living room</room>
       <isRemanent></isRemanent>
    </process_data>
  <process_data>
       <processTag>ioLight2teach</processTag>
       <valueType>REAL</valueType>
       <valueREAL>0.0</valueREAL>
       <valueTEXT></valueTEXT>
       <domain>Main Control</domain>
       <owner>enocean.1</owner>
       <deviceID>ffdf7880.OUT.A5_38_08.cmd:0x01.learning</deviceID>
       <lowREAL>0.0</lowREAL>
       <highREAL>1.0</highREAL>
       <zone>GF</zone>
       <subzone>Family</subzone>
       <room>Living room</room>
       <isRemanent></isRemanent>
    </process_data>
  <process_data>
       <processTag>ioSetTempLivingroom</processTag>
       <valueType>REAL</valueType>
       <valueREAL>0.0</valueREAL>
       <valueTEXT></valueTEXT>
       <domain>Main Control</domain>
       <owner>enocean</owner>
       <deviceID>0006201b.IN.A5_10_03.0.setPoint</deviceID>
       <lowREAL>0.0</lowREAL>
       <highREAL>100.0</highREAL>
       <zone>GF</zone>
       <subzone>Family</subzone>
       <room>Livingroom</room>
       <isRemanent></isRemanent>
    </process_data>
  <process_data>
       <processTag>ioActTempLivingroom</processTag>
       <valueType>REAL</valueType>
       <valueREAL>0.0</valueREAL>
       <valueTEXT></valueTEXT>
       <domain>Main Control</domain>
       <owner>enocean</owner>
       <deviceID>0006201b.IN.A5_10_03.0.temperature</deviceID>
       <lowREAL>0.0</lowREAL>
       <highREAL>100.0</highREAL>
       <zone>GF</zone>
       <subzone>Family</subzone>
       <room>Livingroom</room>
       <isRemanent></isRemanent>
    </process_data>
  <process_data>
       <processTag>ioGarageOffOn</processTag>
       <valueType>REAL</valueType>
       <valueREAL>0.0</valueREAL>
       <valueTEXT></valueTEXT>
       <domain>Main Control</domain>
       <owner>enocean.2</owner>
       <deviceID>ffe4d000.OUT.A5_38_08.cmd:0x01.switchOffOn</deviceID>
       <lowREAL>0.0</lowREAL>
       <highREAL>1.0</highREAL>
       <zone>GF</zone>
       <subzone>Family</subzone>
       <room>Garage</room>
       <isRemanent></isRemanent>
    </process_data>
  <process_data>
       <processTag>ioGarageSwitchedOn</processTag>
       <valueType>REAL</valueType>
       <valueREAL>0.0</valueREAL>
       <valueTEXT></valueTEXT>
       <domain>Main Control</domain>
       <owner>enocean.2</owner>
       <deviceID>ffe4d000.IN.A5_11_04.x.switchedOn</deviceID>
       <lowREAL>0.0</lowREAL>
       <highREAL>1.0</highREAL>
       <zone>GF</zone>
       <subzone>Family</subzone>
       <room>Garage</room>
       <isRemanent></isRemanent>
    </process_data>
  <process_data>
       <processTag>ioGarageTeach</processTag>
       <valueType>REAL</valueType>
       <valueREAL>0.0</valueREAL>
       <valueTEXT></valueTEXT>
       <domain>Main Control</domain>
       <owner>enocean.2</owner>
       <deviceID>ffe4d000.OUT.A5_38_08.cmd:0x01.learning</deviceID>
       <lowREAL>0.0</lowREAL>
       <highREAL>1.0</highREAL>
       <zone>GF</zone>
       <subzone>Family</subzone>
       <room>Garage</room>
       <isRemanent></isRemanent>
    </process_data>
  <process_data>
       <processTag>ioGuestBathBlindOpen</processTag>
       <valueType>REAL</valueType>
       <valueREAL>0.0</valueREAL>
       <valueTEXT></valueTEXT>
       <domain>Main Control</domain>
       <owner>enocean.3</owner>
       <deviceID>ffe47600.OUT.A5_38_08.cmd:0x07.blindOpen</deviceID>
       <lowREAL>0.0</lowREAL>
       <highREAL>1.0</highREAL>
       <zone>GF</zone>
       <subzone>Guest</subzone>
       <room>Bathroom</room>
       <isRemanent></isRemanent>
    </process_data>
  <process_data>
       <processTag>ioGuestBathBlindClose</processTag>
       <valueType>REAL</valueType>
       <valueREAL>0.0</valueREAL>
       <valueTEXT></valueTEXT>
       <domain>Main Control</domain>
       <owner>enocean.3</owner>
       <deviceID>ffe47600.OUT.A5_38_08.cmd:0x07.blindClose</deviceID>
       <lowREAL>0.0</lowREAL>
       <highREAL>1.0</highREAL>
       <zone>GF</zone>
       <subzone>Guest</subzone>
       <room>Bathroom</room>
       <isRemanent></isRemanent>
    </process_data>
  <process_data>
       <processTag>ioGuestBathBlindStop</processTag>
       <valueType>REAL</valueType>
       <valueREAL>0.0</valueREAL>
       <valueTEXT></valueTEXT>
       <domain>Main Control</domain>
       <owner>enocean.3</owner>
       <deviceID>ffe47600.OUT.A5_38_08.cmd:0x07.blindStop</deviceID>
       <lowREAL>0.0</lowREAL>
       <highREAL>1.0</highREAL>
       <zone>GF</zone>
       <subzone>Guest</subzone>
       <room>Bathroom</room>
       <isRemanent></isRemanent>
    </process_data>
  <process_data>
       <processTag>ioGuestBathBlindTeach</processTag>
       <valueType>REAL</valueType>
       <valueREAL>0.0</valueREAL>
       <valueTEXT></valueTEXT>
       <domain>Main Control</domain>
       <owner>enocean.3</owner>
       <deviceID>ffe47600.OUT.A5_38_08.cmd:0x07.learning</deviceID>
       <lowREAL>0.0</lowREAL>
       <highREAL>1.0</highREAL>
       <zone>GF</zone>
       <subzone>Guest</subzone>
       <room>Bathroom</room>
       <isRemanent></isRemanent>
    </process_data>
  <process_data>
       <processTag>ioGuestBathBlindStatusOpening</processTag>
       <valueType>REAL</valueType>
       <valueREAL>0.0</valueREAL>
       <valueTEXT></valueTEXT>
       <domain>Main Control</domain>
       <owner>enocean.3</owner>
       <deviceID>ffe47600.IN.A5_11_03.x.statusOpening</deviceID>
       <lowREAL>0.0</lowREAL>
       <highREAL>1.0</highREAL>
       <zone>GF</zone>
       <subzone>Guest</subzone>
       <room>Bathroom</room>
       <isRemanent></isRemanent>
    </process_data>
  <process_data>
       <processTag>ioGuestBathBlindStatusClosing</processTag>
       <valueType>REAL</valueType>
       <valueREAL>0.0</valueREAL>
       <valueTEXT></valueTEXT>
       <domain>Main Control</domain>
       <owner>enocean.3</owner>
       <deviceID>ffe47600.IN.A5_11_03.x.statusClosing</deviceID>
       <lowREAL>0.0</lowREAL>
       <highREAL>1.0</highREAL>
       <zone>GF</zone>
       <subzone>Guest</subzone>
       <room>Bathroom</room>
       <isRemanent></isRemanent>
    </process_data>
  <process_data>
       <processTag>ioGuestBathBlindStatusStopped</processTag>
       <valueType>REAL</valueType>
       <valueREAL>0.0</valueREAL>
       <valueTEXT></valueTEXT>
       <domain>Main Control</domain>
       <owner>enocean.3</owner>
       <deviceID>ffe47600.IN.A5_11_03.x.statusStopped</deviceID>
       <lowREAL>0.0</lowREAL>
       <highREAL>1.0</highREAL>
       <zone>GF</zone>
       <subzone>Guest</subzone>
       <room>Bathroom</room>
       <isRemanent></isRemanent>
    </process_data>
  <process_data>
       <processTag>ioGuestBathBlindStatusFullyOpen</processTag>
       <valueType>REAL</valueType>
       <valueREAL>0.0</valueREAL>
       <valueTEXT></valueTEXT>
       <domain>Main Control</domain>
       <owner>enocean.3</owner>
       <deviceID>ffe47600.IN.A5_11_03.x.statusFullyOpen</deviceID>
       <lowREAL>0.0</lowREAL>
       <highREAL>1.0</highREAL>
       <zone>GF</zone>
       <subzone>Guest</subzone>
       <room>Bathroom</room>
       <isRemanent></isRemanent>
    </process_data>
  <process_data>
       <processTag>ioGuestBathBlindStatusFullyClosed</processTag>
       <valueType>REAL</valueType>
       <valueREAL>0.0</valueREAL>
       <valueTEXT></valueTEXT>
       <domain>Main Control</domain>
       <owner>enocean.3</owner>
       <deviceID>ffe47600.IN.A5_11_03.x.statusFullyClosed</deviceID>
       <lowREAL>0.0</lowREAL>
       <highREAL>1.0</highREAL>
       <zone>GF</zone>
       <subzone>Guest</subzone>
       <room>Bathroom</room>
       <isRemanent></isRemanent>
    </process_data>
  <process_data>
       <processTag>ioGuestBathBlindStatusActMotorPos</processTag>
       <valueType>REAL</valueType>
       <valueREAL>0.0</valueREAL>
       <valueTEXT></valueTEXT>
       <domain>Main Control</domain>
       <owner>enocean.3</owner>
       <deviceID>ffe47600.IN.A5_11_03.x.currentPosition</deviceID>
       <lowREAL>0.0</lowREAL>
       <highREAL>100</highREAL>
       <zone>GF</zone>
       <subzone>Guest</subzone>
       <room>Bathroom</room>
       <isRemanent></isRemanent>
    </process_data>
  <process_data>
       <processTag>ioGuestBathBlindManualSwitch</processTag>
       <valueType>REAL</valueType>
       <valueREAL>0.0</valueREAL>
       <valueTEXT></valueTEXT>
       <domain>Main Control</domain>
       <owner>enocean.3</owner>
       <deviceID>008c0acc.IN.F6_02_01.x.anyRockerPressed</deviceID>
       <lowREAL>0.0</lowREAL>
       <highREAL>1.0</highREAL>
       <zone>GF</zone>
       <subzone>Guest</subzone>
       <room>Bathroom</room>
       <isRemanent></isRemanent>
    </process_data>
  <process_data>
       <processTag>ioGarageLightOffOn</processTag>
       <valueType>REAL</valueType>
       <valueREAL>0.0</valueREAL>
       <valueTEXT></valueTEXT>
       <domain>Main Control</domain>
       <owner>enocean.4</owner>
       <deviceID>fff73980.OUT.A5_38_08.cmd:0x01.switchOffOn</deviceID>
       <lowREAL>0.0</lowREAL>
       <highREAL>1.0</highREAL>
       <zone>GF</zone>
       <subzone>Family</subzone>
       <room>Garage</room>
       <isRemanent></isRemanent>
    </process_data>
  <process_data>
       <processTag>ioGarageLightOnTime</processTag>
       <valueType>REAL</valueType>
       <valueREAL>0.0</valueREAL>
       <valueTEXT></valueTEXT>
       <domain>Main Control</domain>
       <owner>enocean.4</owner>
       <deviceID>fff73980.IN.A5_11_04.x.onTime</deviceID>
       <lowREAL>0.0</lowREAL>
       <highREAL>100000.0</highREAL>
       <zone>GF</zone>
       <subzone>Family</subzone>
       <room>Garage</room>
       <isRemanent></isRemanent>
    </process_data>
  <process_data>
       <processTag>ioGarageLightEnergy</processTag>
       <valueType>REAL</valueType>
       <valueREAL>0.0</valueREAL>
       <valueTEXT></valueTEXT>
       <domain>Main Control</domain>
       <owner>enocean.4</owner>
       <deviceID>fff73980.IN.A5_11_04.x.energy</deviceID>
       <lowREAL>0.0</lowREAL>
       <highREAL>100000.0</highREAL>
       <zone>GF</zone>
       <subzone>Family</subzone>
       <room>Garage</room>
       <isRemanent></isRemanent>
    </process_data>
  <process_data>
       <processTag>ioGarageLightSwitchedOn</processTag>
       <valueType>REAL</valueType>
       <valueREAL>0.0</valueREAL>
       <valueTEXT></valueTEXT>
       <domain>Main Control</domain>
       <owner>enocean.4</owner>
       <deviceID>fff73980.IN.A5_11_04.x.switchedOn</deviceID>
       <lowREAL>0.0</lowREAL>
       <highREAL>1.0</highREAL>
       <zone>GF</zone>
       <subzone>Family</subzone>
       <room>Garage</room>
       <isRemanent></isRemanent>
    </process_data>
  <process_data>
       <processTag>ioGarageLightTeach</processTag>
       <valueType>REAL</valueType>
       <valueREAL>0.0</valueREAL>
       <valueTEXT></valueTEXT>
       <domain>Main Control</domain>
       <owner>enocean.4</owner>
       <deviceID>fff73980.OUT.A5_38_08.cmd:0x01.learning</deviceID>
       <lowREAL>0.0</lowREAL>
       <highREAL>1.0</highREAL>
       <zone>GF</zone>
       <subzone>Family</subzone>
       <room>Garage</room>
       <isRemanent></isRemanent>
    </process_data>
  <process_data>
       <processTag>ioMasterBathBlindOpen</processTag>
       <valueType>REAL</valueType>
       <valueREAL>0.0</valueREAL>
       <valueTEXT></valueTEXT>
       <domain>Main Control</domain>
       <owner>enocean.5</owner>
       <deviceID>ffd0b280.OUT.A5_38_08.cmd:0x07.blindOpen</deviceID>
       <lowREAL>0.0</lowREAL>
       <highREAL>1.0</highREAL>
       <zone>1F</zone>
       <subzone>Master</subzone>
       <room>Bathroom</room>
       <isRemanent></isRemanent>
    </process_data>
  <process_data>
       <processTag>ioMasterBathBlindClose</processTag>
       <valueType>REAL</valueType>
       <valueREAL>0.0</valueREAL>
       <valueTEXT></valueTEXT>
       <domain>Main Control</domain>
       <owner>enocean.5</owner>
       <deviceID>ffd0b280.OUT.A5_38_08.cmd:0x07.blindClose</deviceID>
       <lowREAL>0.0</lowREAL>
       <highREAL>1.0</highREAL>
       <zone>1F</zone>
       <subzone>Master</subzone>
       <room>Bathroom</room>
       <isRemanent></isRemanent>
    </process_data>
  <process_data>
       <processTag>ioMasterBathBlindStop</processTag>
       <valueType>REAL</valueType>
       <valueREAL>0.0</valueREAL>
       <valueTEXT></valueTEXT>
       <domain>Main Control</domain>
       <owner>enocean.5</owner>
       <deviceID>ffd0b280.OUT.A5_38_08.cmd:0x07.blindStop</deviceID>
       <lowREAL>0.0</lowREAL>
       <highREAL>1.0</highREAL>
       <zone>1F</zone>
       <subzone>Master</subzone>
       <room>Bathroom</room>
       <isRemanent></isRemanent>
    </process_data>
  <process_data>
       <processTag>ioMasterBathBlindTeach</processTag>
       <valueType>REAL</valueType>
       <valueREAL>0.0</valueREAL>
       <valueTEXT></valueTEXT>
       <domain>Main Control</domain>
       <owner>enocean.5</owner>
       <deviceID>ffd0b280.OUT.A5_38_08.cmd:0x07.learning</deviceID>
       <lowREAL>0.0</lowREAL>
       <highREAL>1.0</highREAL>
       <zone>1F</zone>
       <subzone>Master</subzone>
       <room>Bathroom</room>
       <isRemanent></isRemanent>
    </process_data>
  <process_data>
       <processTag>ioMasterBathBlindStatusOpening</processTag>
       <valueType>REAL</valueType>
       <valueREAL>0.0</valueREAL>
       <valueTEXT></valueTEXT>
       <domain>Main Control</domain>
       <owner>enocean.5</owner>
       <deviceID>ffd0b280.IN.A5_11_03.x.statusOpening</deviceID>
       <lowREAL>0.0</lowREAL>
       <highREAL>1.0</highREAL>
       <zone>1F</zone>
       <subzone>Master</subzone>
       <room>Bathroom</room>
       <isRemanent></isRemanent>
    </process_data>
  <process_data>
       <processTag>ioMasterBathBlindStatusClosing</processTag>
       <valueType>REAL</valueType>
       <valueREAL>0.0</valueREAL>
       <valueTEXT></valueTEXT>
       <domain>Main Control</domain>
       <owner>enocean.5</owner>
       <deviceID>ffd0b280.IN.A5_11_03.x.statusClosing</deviceID>
       <lowREAL>0.0</lowREAL>
       <highREAL>1.0</highREAL>
       <zone>1F</zone>
       <subzone>Master</subzone>
       <room>Bathroom</room>
       <isRemanent></isRemanent>
    </process_data>
  <process_data>
       <processTag>ioMasterBathBlindStatusStopped</processTag>
       <valueType>REAL</valueType>
       <valueREAL>0.0</valueREAL>
       <valueTEXT></valueTEXT>
       <domain>Main Control</domain>
       <owner>enocean.5</owner>
       <deviceID>ffd0b280.IN.A5_11_03.x.statusStopped</deviceID>
       <lowREAL>0.0</lowREAL>
       <highREAL>1.0</highREAL>
       <zone>1F</zone>
       <subzone>Master</subzone>
       <room>Bathroom</room>
       <isRemanent></isRemanent>
    </process_data>
  <process_data>
       <processTag>ioMasterBathBlindStatusFullyOpen</processTag>
       <valueType>REAL</valueType>
       <valueREAL>0.0</valueREAL>
       <valueTEXT></valueTEXT>
       <domain>Main Control</domain>
       <owner>enocean.5</owner>
       <deviceID>ffd0b280.IN.A5_11_03.x.statusFullyOpen</deviceID>
       <lowREAL>0.0</lowREAL>
       <highREAL>1.0</highREAL>
       <zone>1F</zone>
       <subzone>Master</subzone>
       <room>Bathroom</room>
       <isRemanent></isRemanent>
    </process_data>
  <process_data>
       <processTag>ioMasterBathBlindStatusFullyClosed</processTag>
       <valueType>REAL</valueType>
       <valueREAL>0.0</valueREAL>
       <valueTEXT></valueTEXT>
       <domain>Main Control</domain>
       <owner>enocean.5</owner>
       <deviceID>ffd0b280.IN.A5_11_03.x.statusFullyClosed</deviceID>
       <lowREAL>0.0</lowREAL>
       <highREAL>1.0</highREAL>
       <zone>1F</zone>
       <subzone>Master</subzone>
       <room>Bathroom</room>
       <isRemanent></isRemanent>
    </process_data>
  <process_data>
       <processTag>ioMasterBathBlindStatusActMotorPos</processTag>
       <valueType>REAL</valueType>
       <valueREAL>0.0</valueREAL>
       <valueTEXT></valueTEXT>
       <domain>Main Control</domain>
       <owner>enocean.5</owner>
       <deviceID>ffd0b280.IN.A5_11_03.x.currentPosition</deviceID>
       <lowREAL>0.0</lowREAL>
       <highREAL>100</highREAL>
       <zone>1F</zone>
       <subzone>Master</subzone>
       <room>Bathroom</room>
       <isRemanent></isRemanent>
    </process_data>
  <process_data>
       <processTag>ioMasterBathBlindManualSwitch</processTag>
       <valueType>REAL</valueType>
       <valueREAL>0.0</valueREAL>
       <valueTEXT></valueTEXT>
       <domain>Main Control</domain>
       <owner>enocean.5</owner>
       <deviceID>0029af6c.IN.F6_02_01.x.anyRockerPressed</deviceID>
       <lowREAL>0.0</lowREAL>
       <highREAL>1.0</highREAL>
       <zone>1F</zone>
       <subzone>Master</subzone>
       <room>Bathroom</room>
       <isRemanent></isRemanent>
    </process_data>
  <process_data>
       <processTag>ioKitchenEastBlindOpen</processTag>
       <valueType>REAL</valueType>
       <valueREAL>0.0</valueREAL>
       <valueTEXT></valueTEXT>
       <domain>Main Control</domain>
       <owner>enocean.6</owner>
       <deviceID>ffa14680.OUT.A5_38_08.cmd:0x07.blindOpen</deviceID>
       <lowREAL>0.0</lowREAL>
       <highREAL>1.0</highREAL>
       <zone>GF</zone>
       <subzone>Family</subzone>
       <room>Kitchen</room>
       <isRemanent></isRemanent>
    </process_data>
  <process_data>
       <processTag>ioKitchenEastBlindClose</processTag>
       <valueType>REAL</valueType>
       <valueREAL>0.0</valueREAL>
       <valueTEXT></valueTEXT>
       <domain>Main Control</domain>
       <owner>enocean.6</owner>
       <deviceID>ffa14680.OUT.A5_38_08.cmd:0x07.blindClose</deviceID>
       <lowREAL>0.0</lowREAL>
       <highREAL>1.0</highREAL>
       <zone>GF</zone>
       <subzone>Family</subzone>
       <room>Kitchen</room>
       <isRemanent></isRemanent>
    </process_data>
  <process_data>
       <processTag>ioKitchenEastBlindStop</processTag>
       <valueType>REAL</valueType>
       <valueREAL>0.0</valueREAL>
       <valueTEXT></valueTEXT>
       <domain>Main Control</domain>
       <owner>enocean.6</owner>
       <deviceID>ffa14680.OUT.A5_38_08.cmd:0x07.blindStop</deviceID>
       <lowREAL>0.0</lowREAL>
       <highREAL>1.0</highREAL>
       <zone>GF</zone>
       <subzone>Family</subzone>
       <room>Kitchen</room>
       <isRemanent></isRemanent>
    </process_data>
  <process_data>
       <processTag>ioKitchenEastBlindTeach</processTag>
       <valueType>REAL</valueType>
       <valueREAL>0.0</valueREAL>
       <valueTEXT></valueTEXT>
       <domain>Main Control</domain>
       <owner>enocean.6</owner>
       <deviceID>ffa14680.OUT.A5_38_08.cmd:0x07.learning</deviceID>
       <lowREAL>0.0</lowREAL>
       <highREAL>1.0</highREAL>
       <zone>GF</zone>
       <subzone>Family</subzone>
       <room>Kitchen</room>
       <isRemanent></isRemanent>
    </process_data>
  <process_data>
       <processTag>ioKitchenEastBlindStatusOpening</processTag>
       <valueType>REAL</valueType>
       <valueREAL>0.0</valueREAL>
       <valueTEXT></valueTEXT>
       <domain>Main Control</domain>
       <owner>enocean.6</owner>
       <deviceID>ffa14680.IN.A5_11_03.x.statusOpening</deviceID>
       <lowREAL>0.0</lowREAL>
       <highREAL>1.0</highREAL>
       <zone>GF</zone>
       <subzone>Family</subzone>
       <room>Kitchen</room>
       <isRemanent></isRemanent>
    </process_data>
  <process_data>
       <processTag>ioKitchenEastBlindStatusClosing</processTag>
       <valueType>REAL</valueType>
       <valueREAL>0.0</valueREAL>
       <valueTEXT></valueTEXT>
       <domain>Main Control</domain>
       <owner>enocean.6</owner>
       <deviceID>ffa14680.IN.A5_11_03.x.statusClosing</deviceID>
       <lowREAL>0.0</lowREAL>
       <highREAL>1.0</highREAL>
       <zone>GF</zone>
       <subzone>Family</subzone>
       <room>Kitchen</room>
       <isRemanent></isRemanent>
    </process_data>
  <process_data>
       <processTag>ioKitchenEastBlindStatusStopped</processTag>
       <valueType>REAL</valueType>
       <valueREAL>0.0</valueREAL>
       <valueTEXT></valueTEXT>
       <domain>Main Control</domain>
       <owner>enocean.6</owner>
       <deviceID>ffa14680.IN.A5_11_03.x.statusStopped</deviceID>
       <lowREAL>0.0</lowREAL>
       <highREAL>1.0</highREAL>
       <zone>GF</zone>
       <subzone>Family</subzone>
       <room>Kitchen</room>
       <isRemanent></isRemanent>
    </process_data>
  <process_data>
       <processTag>ioKitchenEastBlindStatusFullyOpen</processTag>
       <valueType>REAL</valueType>
       <valueREAL>0.0</valueREAL>
       <valueTEXT></valueTEXT>
       <domain>Main Control</domain>
       <owner>enocean.6</owner>
       <deviceID>ffa14680.IN.A5_11_03.x.statusFullyOpen</deviceID>
       <lowREAL>0.0</lowREAL>
       <highREAL>1.0</highREAL>
       <zone>GF</zone>
       <subzone>Family</subzone>
       <room>Kitchen</room>
       <isRemanent></isRemanent>
    </process_data>
  <process_data>
       <processTag>ioKitchenEastBlindStatusFullyClosed</processTag>
       <valueType>REAL</valueType>
       <valueREAL>0.0</valueREAL>
       <valueTEXT></valueTEXT>
       <domain>Main Control</domain>
       <owner>enocean.6</owner>
       <deviceID>ffa14680.IN.A5_11_03.x.statusFullyClosed</deviceID>
       <lowREAL>0.0</lowREAL>
       <highREAL>1.0</highREAL>
       <zone>GF</zone>
       <subzone>Family</subzone>
       <room>Kitchen</room>
       <isRemanent></isRemanent>
    </process_data>
  <process_data>
       <processTag>ioKitchenEastBlindStatusActMotorPos</processTag>
       <valueType>REAL</valueType>
       <valueREAL>0.0</valueREAL>
       <valueTEXT></valueTEXT>
       <domain>Main Control</domain>
       <owner>enocean.6</owner>
       <deviceID>ffa14680.IN.A5_11_03.x.currentPosition</deviceID>
       <lowREAL>0.0</lowREAL>
       <highREAL>100</highREAL>
       <zone>GF</zone>
       <subzone>Family</subzone>
       <room>Kitchen</room>
       <isRemanent></isRemanent>
    </process_data>
  <process_data>
       <processTag>ioKitchenEastBlindManualSwitch</processTag>
       <valueType>REAL</valueType>
       <valueREAL>0.0</valueREAL>
       <valueTEXT></valueTEXT>
       <domain>Main Control</domain>
       <owner>enocean.6</owner>
       <deviceID>002c9eac.IN.F6_02_01.x.anyRockerPressed</deviceID>
       <lowREAL>0.0</lowREAL>
       <highREAL>1.0</highREAL>
       <zone>GF</zone>
       <subzone>Family</subzone>
       <room>Kitchen</room>
       <isRemanent></isRemanent>
    </process_data>
  <process_data>
       <processTag>ioKitchenSouthBlindOpen</processTag>
       <valueType>REAL</valueType>
       <valueREAL>0.0</valueREAL>
       <valueTEXT></valueTEXT>
       <domain>Main Control</domain>
       <owner>enocean.7</owner>
       <deviceID>ff91e680.OUT.A5_38_08.cmd:0x07.blindOpen</deviceID>
       <lowREAL>0.0</lowREAL>
       <highREAL>1.0</highREAL>
       <zone>GF</zone>
       <subzone>Family</subzone>
       <room>Kitchen</room>
       <isRemanent></isRemanent>
    </process_data>
  <process_data>
       <processTag>ioKitchenSouthBlindClose</processTag>
       <valueType>REAL</valueType>
       <valueREAL>0.0</valueREAL>
       <valueTEXT></valueTEXT>
       <domain>Main Control</domain>
       <owner>enocean.7</owner>
       <deviceID>ff91e680.OUT.A5_38_08.cmd:0x07.blindClose</deviceID>
       <lowREAL>0.0</lowREAL>
       <highREAL>1.0</highREAL>
       <zone>GF</zone>
       <subzone>Family</subzone>
       <room>Kitchen</room>
       <isRemanent></isRemanent>
    </process_data>
  <process_data>
       <processTag>ioKitchenSouthBlindStop</processTag>
       <valueType>REAL</valueType>
       <valueREAL>0.0</valueREAL>
       <valueTEXT></valueTEXT>
       <domain>Main Control</domain>
       <owner>enocean.7</owner>
       <deviceID>ff91e680.OUT.A5_38_08.cmd:0x07.blindStop</deviceID>
       <lowREAL>0.0</lowREAL>
       <highREAL>1.0</highREAL>
       <zone>GF</zone>
       <subzone>Family</subzone>
       <room>Kitchen</room>
       <isRemanent></isRemanent>
    </process_data>
  <process_data>
       <processTag>ioKitchenSouthBlindTeach</processTag>
       <valueType>REAL</valueType>
       <valueREAL>0.0</valueREAL>
       <valueTEXT></valueTEXT>
       <domain>Main Control</domain>
       <owner>enocean.7</owner>
       <deviceID>ff91e680.OUT.A5_38_08.cmd:0x07.learning</deviceID>
       <lowREAL>0.0</lowREAL>
       <highREAL>1.0</highREAL>
       <zone>GF</zone>
       <subzone>Family</subzone>
       <room>Kitchen</room>
       <isRemanent></isRemanent>
    </process_data>
  <process_data>
       <processTag>ioKitchenSouthBlindStatusOpening</processTag>
       <valueType>REAL</valueType>
       <valueREAL>0.0</valueREAL>
       <valueTEXT></valueTEXT>
       <domain>Main Control</domain>
       <owner>enocean.7</owner>
       <deviceID>ff91e680.IN.A5_11_03.x.statusOpening</deviceID>
       <lowREAL>0.0</lowREAL>
       <highREAL>1.0</highREAL>
       <zone>GF</zone>
       <subzone>Family</subzone>
       <room>Kitchen</room>
       <isRemanent></isRemanent>
    </process_data>
  <process_data>
       <processTag>ioKitchenSouthBlindStatusClosing</processTag>
       <valueType>REAL</valueType>
       <valueREAL>0.0</valueREAL>
       <valueTEXT></valueTEXT>
       <domain>Main Control</domain>
       <owner>enocean.7</owner>
       <deviceID>ff91e680.IN.A5_11_03.x.statusClosing</deviceID>
       <lowREAL>0.0</lowREAL>
       <highREAL>1.0</highREAL>
       <zone>GF</zone>
       <subzone>Family</subzone>
       <room>Kitchen</room>
       <isRemanent></isRemanent>
    </process_data>
  <process_data>
       <processTag>ioKitchenSouthBlindStatusStopped</processTag>
       <valueType>REAL</valueType>
       <valueREAL>0.0</valueREAL>
       <valueTEXT></valueTEXT>
       <domain>Main Control</domain>
       <owner>enocean.7</owner>
       <deviceID>ff91e680.IN.A5_11_03.x.statusStopped</deviceID>
       <lowREAL>0.0</lowREAL>
       <highREAL>1.0</highREAL>
       <zone>GF</zone>
       <subzone>Family</subzone>
       <room>Kitchen</room>
       <isRemanent></isRemanent>
    </process_data>
  <process_data>
       <processTag>ioKitchenSouthBlindStatusFullyOpen</processTag>
       <valueType>REAL</valueType>
       <valueREAL>0.0</valueREAL>
       <valueTEXT></valueTEXT>
       <domain>Main Control</domain>
       <owner>enocean.7</owner>
       <deviceID>ff91e680.IN.A5_11_03.x.statusFullyOpen</deviceID>
       <lowREAL>0.0</lowREAL>
       <highREAL>1.0</highREAL>
       <zone>GF</zone>
       <subzone>Family</subzone>
       <room>Kitchen</room>
       <isRemanent></isRemanent>
    </process_data>
  <process_data>
       <processTag>ioKitchenSouthBlindStatusFullyClosed</processTag>
       <valueType>REAL</valueType>
       <valueREAL>0.0</valueREAL>
       <valueTEXT></valueTEXT>
       <domain>Main Control</domain>
       <owner>enocean.7</owner>
       <deviceID>ff91e680.IN.A5_11_03.x.statusFullyClosed</deviceID>
       <lowREAL>0.0</lowREAL>
       <highREAL>1.0</highREAL>
       <zone>GF</zone>
       <subzone>Family</subzone>
       <room>Kitchen</room>
       <isRemanent></isRemanent>
    </process_data>
  <process_data>
       <processTag>ioKitchenSouthBlindStatusActMotorPos</processTag>
       <valueType>REAL</valueType>
       <valueREAL>0.0</valueREAL>
       <valueTEXT></valueTEXT>
       <domain>Main Control</domain>
       <owner>enocean.7</owner>
       <deviceID>ff91e680.IN.A5_11_03.x.currentPosition</deviceID>
       <lowREAL>0.0</lowREAL>
       <highREAL>100</highREAL>
       <zone>GF</zone>
       <subzone>Family</subzone>
       <room>Kitchen</room>
       <isRemanent></isRemanent>
    </process_data>
  <process_data>
       <processTag>ioKitchenSouthBlindManualSwitch</processTag>
       <valueType>REAL</valueType>
       <valueREAL>0.0</valueREAL>
       <valueTEXT></valueTEXT>
       <domain>Main Control</domain>
       <owner>enocean.7</owner>
       <deviceID>002c9eac.IN.F6_02_01.x.anyRockerPressed</deviceID>
       <lowREAL>0.0</lowREAL>
       <highREAL>1.0</highREAL>
       <zone>GF</zone>
       <subzone>Family</subzone>
       <room>Kitchen</room>
       <isRemanent></isRemanent>
    </process_data>
  <process_data>
       <processTag>ioLoungeSouthLeftBlindOpen</processTag>
       <valueType>REAL</valueType>
       <valueREAL>0.0</valueREAL>
       <valueTEXT></valueTEXT>
       <domain>Main Control</domain>
       <owner>enocean.8</owner>
       <deviceID>ff916780.OUT.A5_38_08.cmd:0x07.blindOpen</deviceID>
       <lowREAL>0.0</lowREAL>
       <highREAL>1.0</highREAL>
       <zone>GF</zone>
       <subzone>Family</subzone>
       <room>Lounge</room>
       <isRemanent></isRemanent>
    </process_data>
  <process_data>
       <processTag>ioLoungeSouthLeftBlindClose</processTag>
       <valueType>REAL</valueType>
       <valueREAL>0.0</valueREAL>
       <valueTEXT></valueTEXT>
       <domain>Main Control</domain>
       <owner>enocean.8</owner>
       <deviceID>ff916780.OUT.A5_38_08.cmd:0x07.blindClose</deviceID>
       <lowREAL>0.0</lowREAL>
       <highREAL>1.0</highREAL>
       <zone>GF</zone>
       <subzone>Family</subzone>
       <room>Lounge</room>
       <isRemanent></isRemanent>
    </process_data>
  <process_data>
       <processTag>ioLoungeSouthLeftBlindStop</processTag>
       <valueType>REAL</valueType>
       <valueREAL>0.0</valueREAL>
       <valueTEXT></valueTEXT>
       <domain>Main Control</domain>
       <owner>enocean.8</owner>
       <deviceID>ff916780.OUT.A5_38_08.cmd:0x07.blindStop</deviceID>
       <lowREAL>0.0</lowREAL>
       <highREAL>1.0</highREAL>
       <zone>GF</zone>
       <subzone>Family</subzone>
       <room>Lounge</room>
       <isRemanent></isRemanent>
    </process_data>
  <process_data>
       <processTag>ioLoungeSouthLeftBlindTeach</processTag>
       <valueType>REAL</valueType>
       <valueREAL>0.0</valueREAL>
       <valueTEXT></valueTEXT>
       <domain>Main Control</domain>
       <owner>enocean.8</owner>
       <deviceID>ff916780.OUT.A5_38_08.cmd:0x07.learning</deviceID>
       <lowREAL>0.0</lowREAL>
       <highREAL>1.0</highREAL>
       <zone>GF</zone>
       <subzone>Family</subzone>
       <room>Lounge</room>
       <isRemanent></isRemanent>
    </process_data>
  <process_data>
       <processTag>ioLoungeSouthLeftBlindStatusOpening</processTag>
       <valueType>REAL</valueType>
       <valueREAL>0.0</valueREAL>
       <valueTEXT></valueTEXT>
       <domain>Main Control</domain>
       <owner>enocean.8</owner>
       <deviceID>ff916780.IN.A5_11_03.x.statusOpening</deviceID>
       <lowREAL>0.0</lowREAL>
       <highREAL>1.0</highREAL>
       <zone>GF</zone>
       <subzone>Family</subzone>
       <room>Lounge</room>
       <isRemanent></isRemanent>
    </process_data>
  <process_data>
       <processTag>ioLoungeSouthLeftBlindStatusClosing</processTag>
       <valueType>REAL</valueType>
       <valueREAL>0.0</valueREAL>
       <valueTEXT></valueTEXT>
       <domain>Main Control</domain>
       <owner>enocean.8</owner>
       <deviceID>ff916780.IN.A5_11_03.x.statusClosing</deviceID>
       <lowREAL>0.0</lowREAL>
       <highREAL>1.0</highREAL>
       <zone>GF</zone>
       <subzone>Family</subzone>
       <room>Lounge</room>
       <isRemanent></isRemanent>
    </process_data>
  <process_data>
       <processTag>ioLoungeSouthLeftBlindStatusStopped</processTag>
       <valueType>REAL</valueType>
       <valueREAL>0.0</valueREAL>
       <valueTEXT></valueTEXT>
       <domain>Main Control</domain>
       <owner>enocean.8</owner>
       <deviceID>ff916780.IN.A5_11_03.x.statusStopped</deviceID>
       <lowREAL>0.0</lowREAL>
       <highREAL>1.0</highREAL>
       <zone>GF</zone>
       <subzone>Family</subzone>
       <room>Lounge</room>
       <isRemanent></isRemanent>
    </process_data>
  <process_data>
       <processTag>ioLoungeSouthLeftBlindStatusFullyOpen</processTag>
       <valueType>REAL</valueType>
       <valueREAL>0.0</valueREAL>
       <valueTEXT></valueTEXT>
       <domain>Main Control</domain>
       <owner>enocean.8</owner>
       <deviceID>ff916780.IN.A5_11_03.x.statusFullyOpen</deviceID>
       <lowREAL>0.0</lowREAL>
       <highREAL>1.0</highREAL>
       <zone>GF</zone>
       <subzone>Family</subzone>
       <room>Lounge</room>
       <isRemanent></isRemanent>
    </process_data>
  <process_data>
       <processTag>ioLoungeSouthLeftBlindStatusFullyClosed</processTag>
       <valueType>REAL</valueType>
       <valueREAL>0.0</valueREAL>
       <valueTEXT></valueTEXT>
       <domain>Main Control</domain>
       <owner>enocean.8</owner>
       <deviceID>ff916780.IN.A5_11_03.x.statusFullyClosed</deviceID>
       <lowREAL>0.0</lowREAL>
       <highREAL>1.0</highREAL>
       <zone>GF</zone>
       <subzone>Family</subzone>
       <room>Lounge</room>
       <isRemanent></isRemanent>
    </process_data>
  <process_data>
       <processTag>ioLoungeSouthLeftBlindStatusActMotorPos</processTag>
       <valueType>REAL</valueType>
       <valueREAL>0.0</valueREAL>
       <valueTEXT></valueTEXT>
       <domain>Main Control</domain>
       <owner>enocean.8</owner>
       <deviceID>ff916780.IN.A5_11_03.x.currentPosition</deviceID>
       <lowREAL>0.0</lowREAL>
       <highREAL>100</highREAL>
       <zone>GF</zone>
       <subzone>Family</subzone>
       <room>Lounge</room>
       <isRemanent></isRemanent>
    </process_data>
  <process_data>
       <processTag>ioLoungeSouthLeftBlindManualSwitch</processTag>
       <valueType>REAL</valueType>
       <valueREAL>0.0</valueREAL>
       <valueTEXT></valueTEXT>
       <domain>Main Control</domain>
       <owner>enocean.8</owner>
       <deviceID>002c3095.IN.F6_02_01.x.anyRockerPressed</deviceID>
       <lowREAL>0.0</lowREAL>
       <highREAL>1.0</highREAL>
       <zone>GF</zone>
       <subzone>Family</subzone>
       <room>Lounge</room>
       <isRemanent></isRemanent>
    </process_data>
  <process_data>
       <processTag>ioLoungeSouthRightBlindOpen</processTag>
       <valueType>REAL</valueType>
       <valueREAL>0.0</valueREAL>
       <valueTEXT></valueTEXT>
       <domain>Main Control</domain>
       <owner>enocean.9</owner>
       <deviceID>ffc10100.OUT.A5_38_08.cmd:0x07.blindOpen</deviceID>
       <lowREAL>0.0</lowREAL>
       <highREAL>1.0</highREAL>
       <zone>GF</zone>
       <subzone>Family</subzone>
       <room>Lounge</room>
       <isRemanent></isRemanent>
    </process_data>
  <process_data>
       <processTag>ioLoungeSouthRightBlindClose</processTag>
       <valueType>REAL</valueType>
       <valueREAL>0.0</valueREAL>
       <valueTEXT></valueTEXT>
       <domain>Main Control</domain>
       <owner>enocean.9</owner>
       <deviceID>ffc10100.OUT.A5_38_08.cmd:0x07.blindClose</deviceID>
       <lowREAL>0.0</lowREAL>
       <highREAL>1.0</highREAL>
       <zone>GF</zone>
       <subzone>Family</subzone>
       <room>Lounge</room>
       <isRemanent></isRemanent>
    </process_data>
  <process_data>
       <processTag>ioLoungeSouthRightBlindStop</processTag>
       <valueType>REAL</valueType>
       <valueREAL>0.0</valueREAL>
       <valueTEXT></valueTEXT>
       <domain>Main Control</domain>
       <owner>enocean.9</owner>
       <deviceID>ffc10100.OUT.A5_38_08.cmd:0x07.blindStop</deviceID>
       <lowREAL>0.0</lowREAL>
       <highREAL>1.0</highREAL>
       <zone>GF</zone>
       <subzone>Family</subzone>
       <room>Lounge</room>
       <isRemanent></isRemanent>
    </process_data>
  <process_data>
       <processTag>ioLoungeSouthRightBlindTeach</processTag>
       <valueType>REAL</valueType>
       <valueREAL>0.0</valueREAL>
       <valueTEXT></valueTEXT>
       <domain>Main Control</domain>
       <owner>enocean.9</owner>
       <deviceID>ffc10100.OUT.A5_38_08.cmd:0x07.learning</deviceID>
       <lowREAL>0.0</lowREAL>
       <highREAL>1.0</highREAL>
       <zone>GF</zone>
       <subzone>Family</subzone>
       <room>Lounge</room>
       <isRemanent></isRemanent>
    </process_data>
  <process_data>
       <processTag>ioLoungeSouthRightBlindStatusOpening</processTag>
       <valueType>REAL</valueType>
       <valueREAL>0.0</valueREAL>
       <valueTEXT></valueTEXT>
       <domain>Main Control</domain>
       <owner>enocean.9</owner>
       <deviceID>ffc10100.IN.A5_11_03.x.statusOpening</deviceID>
       <lowREAL>0.0</lowREAL>
       <highREAL>1.0</highREAL>
       <zone>GF</zone>
       <subzone>Family</subzone>
       <room>Lounge</room>
       <isRemanent></isRemanent>
    </process_data>
  <process_data>
       <processTag>ioLoungeSouthRightBlindStatusClosing</processTag>
       <valueType>REAL</valueType>
       <valueREAL>0.0</valueREAL>
       <valueTEXT></valueTEXT>
       <domain>Main Control</domain>
       <owner>enocean.9</owner>
       <deviceID>ffc10100.IN.A5_11_03.x.statusClosing</deviceID>
       <lowREAL>0.0</lowREAL>
       <highREAL>1.0</highREAL>
       <zone>GF</zone>
       <subzone>Family</subzone>
       <room>Lounge</room>
       <isRemanent></isRemanent>
    </process_data>
  <process_data>
       <processTag>ioLoungeSouthRightBlindStatusStopped</processTag>
       <valueType>REAL</valueType>
       <valueREAL>0.0</valueREAL>
       <valueTEXT></valueTEXT>
       <domain>Main Control</domain>
       <owner>enocean.9</owner>
       <deviceID>ffc10100.IN.A5_11_03.x.statusStopped</deviceID>
       <lowREAL>0.0</lowREAL>
       <highREAL>1.0</highREAL>
       <zone>GF</zone>
       <subzone>Family</subzone>
       <room>Lounge</room>
       <isRemanent></isRemanent>
    </process_data>
  <process_data>
       <processTag>ioLoungeSouthRightBlindStatusFullyOpen</processTag>
       <valueType>REAL</valueType>
       <valueREAL>0.0</valueREAL>
       <valueTEXT></valueTEXT>
       <domain>Main Control</domain>
       <owner>enocean.9</owner>
       <deviceID>ffc10100.IN.A5_11_03.x.statusFullyOpen</deviceID>
       <lowREAL>0.0</lowREAL>
       <highREAL>1.0</highREAL>
       <zone>GF</zone>
       <subzone>Family</subzone>
       <room>Lounge</room>
       <isRemanent></isRemanent>
    </process_data>
  <process_data>
       <processTag>ioLoungeSouthRightBlindStatusFullyClosed</processTag>
       <valueType>REAL</valueType>
       <valueREAL>0.0</valueREAL>
       <valueTEXT></valueTEXT>
       <domain>Main Control</domain>
       <owner>enocean.9</owner>
       <deviceID>ffc10100.IN.A5_11_03.x.statusFullyClosed</deviceID>
       <lowREAL>0.0</lowREAL>
       <highREAL>1.0</highREAL>
       <zone>GF</zone>
       <subzone>Family</subzone>
       <room>Lounge</room>
       <isRemanent></isRemanent>
    </process_data>
  <process_data>
       <processTag>ioLoungeSouthRightBlindStatusActMotorPos</processTag>
       <valueType>REAL</valueType>
       <valueREAL>0.0</valueREAL>
       <valueTEXT></valueTEXT>
       <domain>Main Control</domain>
       <owner>enocean.9</owner>
       <deviceID>ffc10100.IN.A5_11_03.x.currentPosition</deviceID>
       <lowREAL>0.0</lowREAL>
       <highREAL>100</highREAL>
       <zone>GF</zone>
       <subzone>Family</subzone>
       <room>Lounge</room>
       <isRemanent></isRemanent>
    </process_data>
  <process_data>
       <processTag>ioLoungeSouthRightBlindManualSwitch</processTag>
       <valueType>REAL</valueType>
       <valueREAL>0.0</valueREAL>
       <valueTEXT></valueTEXT>
       <domain>Main Control</domain>
       <owner>enocean.9</owner>
       <deviceID>002c3095.IN.F6_02_01.x.anyRockerPressed</deviceID>
       <lowREAL>0.0</lowREAL>
       <highREAL>1.0</highREAL>
       <zone>GF</zone>
       <subzone>Family</subzone>
       <room>Lounge</room>
       <isRemanent></isRemanent>
    </process_data>
  <process_data>
       <processTag>ioLoungeTerraceBlindOpen</processTag>
       <valueType>REAL</valueType>
       <valueREAL>0.0</valueREAL>
       <valueTEXT></valueTEXT>
       <domain>Main Control</domain>
       <owner>enocean.10</owner>
       <deviceID>ff9e4000.OUT.A5_38_08.cmd:0x07.blindOpen</deviceID>
       <lowREAL>0.0</lowREAL>
       <highREAL>1.0</highREAL>
       <zone>GF</zone>
       <subzone>Family</subzone>
       <room>Lounge</room>
       <isRemanent></isRemanent>
    </process_data>
  <process_data>
       <processTag>ioLoungeTerraceBlindClose</processTag>
       <valueType>REAL</valueType>
       <valueREAL>0.0</valueREAL>
       <valueTEXT></valueTEXT>
       <domain>Main Control</domain>
       <owner>enocean.10</owner>
       <deviceID>ff9e4000.OUT.A5_38_08.cmd:0x07.blindClose</deviceID>
       <lowREAL>0.0</lowREAL>
       <highREAL>1.0</highREAL>
       <zone>GF</zone>
       <subzone>Family</subzone>
       <room>Lounge</room>
       <isRemanent></isRemanent>
    </process_data>
  <process_data>
       <processTag>ioLoungeTerraceBlindStop</processTag>
       <valueType>REAL</valueType>
       <valueREAL>0.0</valueREAL>
       <valueTEXT></valueTEXT>
       <domain>Main Control</domain>
       <owner>enocean.10</owner>
       <deviceID>ff9e4000.OUT.A5_38_08.cmd:0x07.blindStop</deviceID>
       <lowREAL>0.0</lowREAL>
       <highREAL>1.0</highREAL>
       <zone>GF</zone>
       <subzone>Family</subzone>
       <room>Lounge</room>
       <isRemanent></isRemanent>
    </process_data>
  <process_data>
       <processTag>ioLoungeTerraceBlindTeach</processTag>
       <valueType>REAL</valueType>
       <valueREAL>0.0</valueREAL>
       <valueTEXT></valueTEXT>
       <domain>Main Control</domain>
       <owner>enocean.10</owner>
       <deviceID>ff9e4000.OUT.A5_38_08.cmd:0x07.learning</deviceID>
       <lowREAL>0.0</lowREAL>
       <highREAL>1.0</highREAL>
       <zone>GF</zone>
       <subzone>Family</subzone>
       <room>Lounge</room>
       <isRemanent></isRemanent>
    </process_data>
  <process_data>
       <processTag>ioLoungeTerraceBlindStatusOpening</processTag>
       <valueType>REAL</valueType>
       <valueREAL>0.0</valueREAL>
       <valueTEXT></valueTEXT>
       <domain>Main Control</domain>
       <owner>enocean.10</owner>
       <deviceID>ff9e4000.IN.A5_11_03.x.statusOpening</deviceID>
       <lowREAL>0.0</lowREAL>
       <highREAL>1.0</highREAL>
       <zone>GF</zone>
       <subzone>Family</subzone>
       <room>Lounge</room>
       <isRemanent></isRemanent>
    </process_data>
  <process_data>
       <processTag>ioLoungeTerraceBlindStatusClosing</processTag>
       <valueType>REAL</valueType>
       <valueREAL>0.0</valueREAL>
       <valueTEXT></valueTEXT>
       <domain>Main Control</domain>
       <owner>enocean.10</owner>
       <deviceID>ff9e4000.IN.A5_11_03.x.statusClosing</deviceID>
       <lowREAL>0.0</lowREAL>
       <highREAL>1.0</highREAL>
       <zone>GF</zone>
       <subzone>Family</subzone>
       <room>Lounge</room>
       <isRemanent></isRemanent>
    </process_data>
  <process_data>
       <processTag>ioLoungeTerraceBlindStatusStopped</processTag>
       <valueType>REAL</valueType>
       <valueREAL>0.0</valueREAL>
       <valueTEXT></valueTEXT>
       <domain>Main Control</domain>
       <owner>enocean.10</owner>
       <deviceID>ff9e4000.IN.A5_11_03.x.statusStopped</deviceID>
       <lowREAL>0.0</lowREAL>
       <highREAL>1.0</highREAL>
       <zone>GF</zone>
       <subzone>Family</subzone>
       <room>Lounge</room>
       <isRemanent></isRemanent>
    </process_data>
  <process_data>
       <processTag>ioLoungeTerraceBlindStatusFullyOpen</processTag>
       <valueType>REAL</valueType>
       <valueREAL>0.0</valueREAL>
       <valueTEXT></valueTEXT>
       <domain>Main Control</domain>
       <owner>enocean.10</owner>
       <deviceID>ff9e4000.IN.A5_11_03.x.statusFullyOpen</deviceID>
       <lowREAL>0.0</lowREAL>
       <highREAL>1.0</highREAL>
       <zone>GF</zone>
       <subzone>Family</subzone>
       <room>Lounge</room>
       <isRemanent></isRemanent>
    </process_data>
  <process_data>
       <processTag>ioLoungeTerraceBlindStatusFullyClosed</processTag>
       <valueType>REAL</valueType>
       <valueREAL>0.0</valueREAL>
       <valueTEXT></valueTEXT>
       <domain>Main Control</domain>
       <owner>enocean.10</owner>
       <deviceID>ff9e4000.IN.A5_11_03.x.statusFullyClosed</deviceID>
       <lowREAL>0.0</lowREAL>
       <highREAL>1.0</highREAL>
       <zone>GF</zone>
       <subzone>Family</subzone>
       <room>Lounge</room>
       <isRemanent></isRemanent>
    </process_data>
  <process_data>
       <processTag>ioLoungeTerraceBlindStatusActMotorPos</processTag>
       <valueType>REAL</valueType>
       <valueREAL>0.0</valueREAL>
       <valueTEXT></valueTEXT>
       <domain>Main Control</domain>
       <owner>enocean.10</owner>
       <deviceID>ff9e4000.IN.A5_11_03.x.currentPosition</deviceID>
       <lowREAL>0.0</lowREAL>
       <highREAL>100</highREAL>
       <zone>GF</zone>
       <subzone>Family</subzone>
       <room>Lounge</room>
       <isRemanent></isRemanent>
    </process_data>
  <process_data>
       <processTag>ioLoungeTerraceBlindManualSwitch</processTag>
       <valueType>REAL</valueType>
       <valueREAL>0.0</valueREAL>
       <valueTEXT></valueTEXT>
       <domain>Main Control</domain>
       <owner>enocean.10</owner>
       <deviceID>002bc1a5.IN.F6_02_01.x.anyRockerPressed</deviceID>
       <lowREAL>0.0</lowREAL>
       <highREAL>1.0</highREAL>
       <zone>GF</zone>
       <subzone>Family</subzone>
       <room>Lounge</room>
       <isRemanent></isRemanent>
    </process_data>
</pdi>
