<?xml version="1.0" encoding="UTF-8"?>
<?xml-stylesheet type="text/xsl" href="yaha_pdi.xsl"?>

<pdi>
  <process_data>
       <processTag>ioSimulation</processTag>
       <valueType>REAL</valueType>
       <valueREAL>0.0</valueREAL>
       <valueTEXT></valueTEXT>
       <domain>Heating</domain>
       <owner>internal</owner>
       <deviceID></deviceID>
       <lowREAL>0.0</lowREAL>
       <highREAL>1.0</highREAL>
       <zone>Family</zone>
       <subzone>Heating</subzone>
       <room></room>
       <isRemanent></isRemanent>
    </process_data>
  <process_data>
       <processTag>ioRawTempBurner</processTag>
       <valueType>REAL</valueType>
       <valueREAL>0.0</valueREAL>
       <valueTEXT></valueTEXT>
       <domain>Heating</domain>
       <owner>MODBUS</owner>
       <deviceID>CLIENT-IP:C0:A8:00:5C.AI.0x0000.rmax:2250.vmax:45000</deviceID>
       <lowREAL>0.0</lowREAL>
       <highREAL>3000.0</highREAL>
       <zone>Family</zone>
       <subzone>Heating</subzone>
       <room></room>
       <isRemanent></isRemanent>
    </process_data>
  <process_data>
       <processTag>ioRawTempFlowRadiator</processTag>
       <valueType>REAL</valueType>
       <valueREAL>0.0</valueREAL>
       <valueTEXT></valueTEXT>
       <domain>Heating</domain>
       <owner>MODBUS</owner>
       <deviceID>CLIENT-IP:C0:A8:00:5C.AI.0x0001.rmax:2250.vmax:45000</deviceID>
       <lowREAL>0.0</lowREAL>
       <highREAL>3000.0</highREAL>
       <zone>Family</zone>
       <subzone>Heating</subzone>
       <room></room>
       <isRemanent></isRemanent>
    </process_data>
  <process_data>
       <processTag>ioRawTempFlowFloor</processTag>
       <valueType>REAL</valueType>
       <valueREAL>0.0</valueREAL>
       <valueTEXT></valueTEXT>
       <domain>Heating</domain>
       <owner>MODBUS</owner>
       <deviceID>CLIENT-IP:C0:A8:00:5C.AI.0x0002.rmax:2250.vmax:45000</deviceID>
       <lowREAL>0.0</lowREAL>
       <highREAL>3000.0</highREAL>
       <zone>Family</zone>
       <subzone>Heating</subzone>
       <room></room>
       <isRemanent></isRemanent>
    </process_data>
  <process_data>
       <processTag>ioRawTempHotwater</processTag>
       <valueType>REAL</valueType>
       <valueREAL>0.0</valueREAL>
       <valueTEXT></valueTEXT>
       <domain>Heating</domain>
       <owner>MODBUS</owner>
       <deviceID>CLIENT-IP:C0:A8:00:5C.AI.0x0003.rmax:2250.vmax:45000</deviceID>
       <lowREAL>0.0</lowREAL>
       <highREAL>3000.0</highREAL>
       <zone>Family</zone>
       <subzone>Heating</subzone>
       <room></room>
       <isRemanent></isRemanent>
    </process_data>
  <process_data>
       <processTag>ioRawTempOutsideNorth</processTag>
       <valueType>REAL</valueType>
       <valueREAL>0.0</valueREAL>
       <valueTEXT></valueTEXT>
       <domain>Heating</domain>
       <owner>MODBUS</owner>
       <deviceID>CLIENT-IP:C0:A8:00:5C.AI.0x0004.rmax:2250.vmax:45000</deviceID>
       <lowREAL>0.0</lowREAL>
       <highREAL>3000.0</highREAL>
       <zone>Family</zone>
       <subzone>Heating</subzone>
       <room></room>
       <isRemanent></isRemanent>
    </process_data>
  <process_data>
       <processTag>ioRawTempLounge</processTag>
       <valueType>REAL</valueType>
       <valueREAL>0.0</valueREAL>
       <valueTEXT></valueTEXT>
       <domain>Heating</domain>
       <owner>MODBUS</owner>
       <deviceID>CLIENT-IP:C0:A8:00:5C.AI.0x0005</deviceID>
       <lowREAL>0.0</lowREAL>
       <highREAL>3000.0</highREAL>
       <zone>Family</zone>
       <subzone>Heating</subzone>
       <room></room>
       <isRemanent></isRemanent>
    </process_data>
  <process_data>
       <processTag>ioBurnerSwitchedOn</processTag>
       <valueType>REAL</valueType>
       <valueREAL>0.0</valueREAL>
       <valueTEXT></valueTEXT>
       <domain>Heating</domain>
       <owner>MODBUS</owner>
       <deviceID>CLIENT-IP:C0:A8:00:5C.DI.0x0018</deviceID>
       <lowREAL>0.0</lowREAL>
       <highREAL>1.0</highREAL>
       <zone>Family</zone>
       <subzone>Heating</subzone>
       <room></room>
       <isRemanent></isRemanent>
    </process_data>
  <process_data>
       <processTag>ioBurnerFailure</processTag>
       <valueType>REAL</valueType>
       <valueREAL>0.0</valueREAL>
       <valueTEXT></valueTEXT>
       <domain>Heating</domain>
       <owner>MODBUS</owner>
       <deviceID>CLIENT-IP:C0:A8:00:5C.DI.0x0019</deviceID>
       <lowREAL>0.0</lowREAL>
       <highREAL>1.0</highREAL>
       <zone>Family</zone>
       <subzone>Heating</subzone>
       <room></room>
       <isRemanent></isRemanent>
    </process_data>
  <process_data>
       <processTag>ioBurnerOvertemperature</processTag>
       <valueType>REAL</valueType>
       <valueREAL>0.0</valueREAL>
       <valueTEXT></valueTEXT>
       <domain>Heating</domain>
       <owner>MODBUS</owner>
       <deviceID>CLIENT-IP:C0:A8:00:5C.DI.0x001A</deviceID>
       <lowREAL>0.0</lowREAL>
       <highREAL>1.0</highREAL>
       <zone>Family</zone>
       <subzone>Heating</subzone>
       <room></room>
       <isRemanent></isRemanent>
    </process_data>
  <process_data>
       <processTag>ioPumpFloorSafetyRelease</processTag>
       <valueType>REAL</valueType>
       <valueREAL>0.0</valueREAL>
       <valueTEXT></valueTEXT>
       <domain>Heating</domain>
       <owner>MODBUS</owner>
       <deviceID>CLIENT-IP:C0:A8:00:5C.DI.0x001B</deviceID>
       <lowREAL>0.0</lowREAL>
       <highREAL>1.0</highREAL>
       <zone>Family</zone>
       <subzone>Heating</subzone>
       <room></room>
       <isRemanent></isRemanent>
    </process_data>
  <process_data>
       <processTag>ioBurnerRelease</processTag>
       <valueType>REAL</valueType>
       <valueREAL>0.0</valueREAL>
       <valueTEXT></valueTEXT>
       <domain>Heating</domain>
       <owner>MODBUS</owner>
       <deviceID>CLIENT-IP:C0:A8:00:5C.DO.0x0000</deviceID>
       <lowREAL>0.0</lowREAL>
       <highREAL>1.0</highREAL>
       <zone>Family</zone>
       <subzone>Heating</subzone>
       <room></room>
       <isRemanent></isRemanent>
    </process_data>
  <process_data>
       <processTag>ioPumpRadiator</processTag>
       <valueType>REAL</valueType>
       <valueREAL>0.0</valueREAL>
       <valueTEXT></valueTEXT>
       <domain>Heating</domain>
       <owner>MODBUS</owner>
       <deviceID>CLIENT-IP:C0:A8:00:5C.DO.0x0008</deviceID>
       <lowREAL>0.0</lowREAL>
       <highREAL>1.0</highREAL>
       <zone>Family</zone>
       <subzone>Heating</subzone>
       <room></room>
       <isRemanent></isRemanent>
    </process_data>
  <process_data>
       <processTag>ioPumpFloor</processTag>
       <valueType>REAL</valueType>
       <valueREAL>0.0</valueREAL>
       <valueTEXT></valueTEXT>
       <domain>Heating</domain>
       <owner>MODBUS</owner>
       <deviceID>CLIENT-IP:C0:A8:00:5C.DO.0x0009</deviceID>
       <lowREAL>0.0</lowREAL>
       <highREAL>1.0</highREAL>
       <zone>Family</zone>
       <subzone>Heating</subzone>
       <room></room>
       <isRemanent></isRemanent>
    </process_data>
  <process_data>
       <processTag>ioPumpHotwater</processTag>
       <valueType>REAL</valueType>
       <valueREAL>0.0</valueREAL>
       <valueTEXT></valueTEXT>
       <domain>Heating</domain>
       <owner>MODBUS</owner>
       <deviceID>CLIENT-IP:C0:A8:00:5C.DO.0x0010</deviceID>
       <lowREAL>0.0</lowREAL>
       <highREAL>1.0</highREAL>
       <zone>Family</zone>
       <subzone>Heating</subzone>
       <room></room>
       <isRemanent></isRemanent>
    </process_data>
  <process_data>
       <processTag>ioFlowMixerRadiatorOpen</processTag>
       <valueType>REAL</valueType>
       <valueREAL>0.0</valueREAL>
       <valueTEXT></valueTEXT>
       <domain>Heating</domain>
       <owner>MODBUS</owner>
       <deviceID>CLIENT-IP:C0:A8:00:5C.DO.0x0018</deviceID>
       <lowREAL>0.0</lowREAL>
       <highREAL>1.0</highREAL>
       <zone>Family</zone>
       <subzone>Heating</subzone>
       <room></room>
       <isRemanent></isRemanent>
    </process_data>
  <process_data>
       <processTag>ioFlowMixerRadiatorClose</processTag>
       <valueType>REAL</valueType>
       <valueREAL>0.0</valueREAL>
       <valueTEXT></valueTEXT>
       <domain>Heating</domain>
       <owner>MODBUS</owner>
       <deviceID>CLIENT-IP:C0:A8:00:5C.DO.0x0019</deviceID>
       <lowREAL>0.0</lowREAL>
       <highREAL>1.0</highREAL>
       <zone>Family</zone>
       <subzone>Heating</subzone>
       <room></room>
       <isRemanent></isRemanent>
    </process_data>
  <process_data>
       <processTag>ioFlowMixerFloorOpen</processTag>
       <valueType>REAL</valueType>
       <valueREAL>0.0</valueREAL>
       <valueTEXT></valueTEXT>
       <domain>Heating</domain>
       <owner>MODBUS</owner>
       <deviceID>CLIENT-IP:C0:A8:00:5C.DO.0x0020</deviceID>
       <lowREAL>0.0</lowREAL>
       <highREAL>1.0</highREAL>
       <zone>Family</zone>
       <subzone>Heating</subzone>
       <room></room>
       <isRemanent></isRemanent>
    </process_data>
  <process_data>
       <processTag>ioFlowMixerFloorClose</processTag>
       <valueType>REAL</valueType>
       <valueREAL>0.0</valueREAL>
       <valueTEXT></valueTEXT>
       <domain>Heating</domain>
       <owner>MODBUS</owner>
       <deviceID>CLIENT-IP:C0:A8:00:5C.DO.0x0021</deviceID>
       <lowREAL>0.0</lowREAL>
       <highREAL>1.0</highREAL>
       <zone>Family</zone>
       <subzone>Heating</subzone>
       <room></room>
       <isRemanent></isRemanent>
    </process_data>
</pdi>
