<?xml version="1.0" encoding="UTF-8"?>
<?xml-stylesheet type="text/xsl" href="yaha_pdi.xsl"?>

<pdi>
  <process_data>
       <processTag>hotwaterMorningStartTime</processTag>
       <valueType>TEXT</valueType>
       <valueREAL></valueREAL>
       <valueTEXT>05:00</valueTEXT>
       <domain>Heating</domain>
       <owner>internal</owner>
       <deviceID></deviceID>
       <lowREAL></lowREAL>
       <highREAL></highREAL>
       <zone>Family</zone>
       <subzone>Heating</subzone>
       <room></room>
       <isRemanent>true</isRemanent>
    </process_data>
  <process_data>
       <processTag>hotwaterMorningEndTime</processTag>
       <valueType>TEXT</valueType>
       <valueREAL></valueREAL>
       <valueTEXT>12:00</valueTEXT>
       <domain>Heating</domain>
       <owner>internal</owner>
       <deviceID></deviceID>
       <lowREAL></lowREAL>
       <highREAL></highREAL>
       <zone>Family</zone>
       <subzone>Heating</subzone>
       <room></room>
       <isRemanent>true</isRemanent>
    </process_data>
  <process_data>
       <processTag>hotwaterEveningStartTime</processTag>
       <valueType>TEXT</valueType>
       <valueREAL></valueREAL>
       <valueTEXT>16:30</valueTEXT>
       <domain>Heating</domain>
       <owner>internal</owner>
       <deviceID></deviceID>
       <lowREAL></lowREAL>
       <highREAL></highREAL>
       <zone>Family</zone>
       <subzone>Heating</subzone>
       <room></room>
       <isRemanent>true</isRemanent>
    </process_data>
  <process_data>
       <processTag>hotwaterEveningEndTime</processTag>
       <valueType>TEXT</valueType>
       <valueREAL></valueREAL>
       <valueTEXT>21:30</valueTEXT>
       <domain>Heating</domain>
       <owner>internal</owner>
       <deviceID></deviceID>
       <lowREAL></lowREAL>
       <highREAL></highREAL>
       <zone>Family</zone>
       <subzone>Heating</subzone>
       <room></room>
       <isRemanent>true</isRemanent>
    </process_data>
  <process_data>
       <processTag>hotwaterSetTemp</processTag>
       <valueType>REAL</valueType>
       <valueREAL>60.0</valueREAL>
       <valueTEXT></valueTEXT>
       <domain>Heating</domain>
       <owner>internal</owner>
       <deviceID></deviceID>
       <lowREAL>0.0</lowREAL>
       <highREAL>70</highREAL>
       <zone>Family</zone>
       <subzone>Heating</subzone>
       <room></room>
       <isRemanent>true</isRemanent>
    </process_data>
  <process_data>
       <processTag>hotwaterState</processTag>
       <valueType>REAL</valueType>
       <valueREAL>0.0</valueREAL>
       <valueTEXT></valueTEXT>
       <domain>Heating</domain>
       <owner>internal</owner>
       <deviceID></deviceID>
       <lowREAL>0.0</lowREAL>
       <highREAL>1.0</highREAL>
       <zone>Family</zone>
       <subzone>Heating</subzone>
       <room>Lounge</room>
       <isRemanent></isRemanent>
    </process_data>
  <process_data>
       <processTag>hotwaterResultSetTemp</processTag>
       <valueType>REAL</valueType>
       <valueREAL>0.0</valueREAL>
       <valueTEXT></valueTEXT>
       <domain>Heating</domain>
       <owner>internal</owner>
       <deviceID></deviceID>
       <lowREAL>0.0</lowREAL>
       <highREAL>70</highREAL>
       <zone>Family</zone>
       <subzone>Heating</subzone>
       <room>Lounge</room>
       <isRemanent></isRemanent>
    </process_data>
</pdi>
