<?xml version="1.0" encoding="UTF-8"?>
<cfg>
	<recordcontainers>
		<recordcontainer id="heating" directory="/home/pi/Yaha/logs/" filenametrunk="heating" filenameoption="" interval="10" nbMaxDataRecords="5000" startCmdTag="recorderCmdStart" stopCmdTag="recorderCmdStop" clearCmdTag="recorderCmdClear">
			<dataitems>
				<dataitem name="actTempBurner" pditag="actTempBurner" decimalplaces="1"></dataitem>
				<dataitem name="actTempHotwater" pditag="actTempHotwater" decimalplaces="1"></dataitem>
				<dataitem name="actTempFlowFloor" pditag="actTempFlowFloor" decimalplaces="1"></dataitem>
				<dataitem name="floorHeatingSetFlowTemp" pditag="floorHeatingSetFlowTemp" decimalplaces="1"></dataitem>
				<dataitem name="floorHeatingMixerActPosition" pditag="floorHeatingMixerActPosition" decimalplaces="1"></dataitem>
				<dataitem name="actTempFlowRadiator" pditag="actTempFlowRadiator" decimalplaces="1"></dataitem>
				<dataitem name="radiatorHeatingSetFlowTemp" pditag="radiatorHeatingSetFlowTemp" decimalplaces="1"></dataitem>
				<dataitem name="radiatorHeatingMixerActPosition" pditag="radiatorHeatingMixerActPosition" decimalplaces="1"></dataitem>
			</dataitems>
		</recordcontainer>
		
		<recordcontainer id="statistics" directory="/home/pi/Yaha/logs/" filenametrunk="statistics" filenameoption="%y" recordTime="00:00" interval="86400" calcTimeBase="7200">
			<dataitems>
				<dataitem name="actTempOutsideNorth" pditag="actTempOutsideNorth" decimalplaces="1"></dataitem>
				<dataitem name="burnerDailyOperatingHours" pditag="burnerDailyOperatingHours" decimalplaces="1"></dataitem>
			</dataitems>
		</recordcontainer>
	</recordcontainers>
</cfg>