<?xml version='1.0' encoding='UTF-8'?>
<pdi>

<light1TimeEnable>0.0</light1TimeEnable>
<light1BlinkEnable>0.0</light1BlinkEnable>
<light1OffDelayEnable>0.0</light1OffDelayEnable>
<light2ImpulseEnable>0.0</light2ImpulseEnable>
<light1ImpulseEnable>0.0</light1ImpulseEnable>
<light2OffDelayEnable>0.0</light2OffDelayEnable>
<light2BlinkEnable>0.0</light2BlinkEnable>
<guestBathBlindTimeEnable>0.0</guestBathBlindTimeEnable>
<garageImpulseEnable>1.0</garageImpulseEnable>
<light2TimeEnable>0.0</light2TimeEnable>
<guestBathBlindAutoShadingEnable>0.0</guestBathBlindAutoShadingEnable>
<garageTimeEnable>0.0</garageTimeEnable>
<masterBathBlindTimeEnable>0.0</masterBathBlindTimeEnable>
<masterBathBlindAutoShadingEnable>0.0</masterBathBlindAutoShadingEnable>
<kitchenSouthBlindAutoShadingEnable>0.0</kitchenSouthBlindAutoShadingEnable>
<loungeSouthRightBlindAutoShadingEnable>0.0</loungeSouthRightBlindAutoShadingEnable>
<loungeSouthLeftBlindTimeEnable>0.0</loungeSouthLeftBlindTimeEnable>
<kitchenSouthBlindTimeEnable>0.0</kitchenSouthBlindTimeEnable>
<loungeTerraceBlindTimeEnable>0.0</loungeTerraceBlindTimeEnable>
<loungeSouthRightBlindTimeEnable>0.0</loungeSouthRightBlindTimeEnable>
<loungeSouthLeftBlindAutoShadingEnable>0.0</loungeSouthLeftBlindAutoShadingEnable>
<kitchenEastBlindAutoShadingEnable>0.0</kitchenEastBlindAutoShadingEnable>
<kitchenEastBlindTimeEnable>0.0</kitchenEastBlindTimeEnable>
<loungeTerraceBlindAutoShadingEnable>0.0</loungeTerraceBlindAutoShadingEnable>
</pdi>