<?xml version="1.0" encoding="UTF-8"?>
<?xml-stylesheet type="text/xsl" href="yaha_pdi.xsl"?>

<pdi>
  <process_data>
       <processTag>globalHeatingMode</processTag>
       <valueType>REAL</valueType>
       <valueREAL>0.0</valueREAL>
       <valueTEXT></valueTEXT>
       <domain>Heating</domain>
       <owner>internal</owner>
       <deviceID></deviceID>
       <lowREAL>0.0</lowREAL>
       <highREAL>3.0</highREAL>
       <zone>Family</zone>
       <subzone>Heating</subzone>
       <room></room>
       <isRemanent>true</isRemanent>
    </process_data>
  <process_data>
       <processTag>globalHeatingNotAtHomeStartDate</processTag>
       <valueType>TEXT</valueType>
       <valueREAL></valueREAL>
       <valueTEXT>2017-01-01</valueTEXT>
       <domain>Heating</domain>
       <owner>internal</owner>
       <deviceID></deviceID>
       <lowREAL></lowREAL>
       <highREAL></highREAL>
       <zone>Family</zone>
       <subzone>Heating</subzone>
       <room></room>
       <isRemanent>true</isRemanent>
    </process_data>
  <process_data>
       <processTag>globalHeatingNotAtHomeStartTime</processTag>
       <valueType>TEXT</valueType>
       <valueREAL></valueREAL>
       <valueTEXT>06:00</valueTEXT>
       <domain>Heating</domain>
       <owner>internal</owner>
       <deviceID></deviceID>
       <lowREAL></lowREAL>
       <highREAL></highREAL>
       <zone>Family</zone>
       <subzone>Heating</subzone>
       <room></room>
       <isRemanent>true</isRemanent>
    </process_data>
  <process_data>
       <processTag>globalHeatingNotAtHomeEndDate</processTag>
       <valueType>TEXT</valueType>
       <valueREAL></valueREAL>
       <valueTEXT>2017-01-01</valueTEXT>
       <domain>Heating</domain>
       <owner>internal</owner>
       <deviceID></deviceID>
       <lowREAL></lowREAL>
       <highREAL></highREAL>
       <zone>Family</zone>
       <subzone>Heating</subzone>
       <room></room>
       <isRemanent>true</isRemanent>
    </process_data>
  <process_data>
       <processTag>globalHeatingNotAtHomeEndTime</processTag>
       <valueType>TEXT</valueType>
       <valueREAL></valueREAL>
       <valueTEXT>06:00</valueTEXT>
       <domain>Heating</domain>
       <owner>internal</owner>
       <deviceID></deviceID>
       <lowREAL></lowREAL>
       <highREAL></highREAL>
       <zone>Family</zone>
       <subzone>Heating</subzone>
       <room></room>
       <isRemanent>true</isRemanent>
    </process_data>
  <process_data>
       <processTag>floorHeatingMode</processTag>
       <valueType>REAL</valueType>
       <valueREAL>0.0</valueREAL>
       <valueTEXT></valueTEXT>
       <domain>Heating</domain>
       <owner>internal</owner>
       <deviceID></deviceID>
       <lowREAL>0.0</lowREAL>
       <highREAL>2.0</highREAL>
       <zone>Family</zone>
       <subzone>Heating</subzone>
       <room>Lounge</room>
       <isRemanent>true</isRemanent>
    </process_data>
  <process_data>
       <processTag>floorHeatingState</processTag>
       <valueType>REAL</valueType>
       <valueREAL>0.0</valueREAL>
       <valueTEXT></valueTEXT>
       <domain>Heating</domain>
       <owner>internal</owner>
       <deviceID></deviceID>
       <lowREAL>0.0</lowREAL>
       <highREAL>2.0</highREAL>
       <zone>Family</zone>
       <subzone>Heating</subzone>
       <room>Lounge</room>
       <isRemanent></isRemanent>
    </process_data>
  <process_data>
       <processTag>floorHeatingSetTemp</processTag>
       <valueType>REAL</valueType>
       <valueREAL>21.0</valueREAL>
       <valueTEXT></valueTEXT>
       <domain>Heating</domain>
       <owner>internal</owner>
       <deviceID></deviceID>
       <lowREAL>0.0</lowREAL>
       <highREAL>100.0</highREAL>
       <zone>Family</zone>
       <subzone>Heating</subzone>
       <room>Lounge</room>
       <isRemanent>true</isRemanent>
    </process_data>
  <process_data>
       <processTag>floorHeatingWeekdaysStartTime</processTag>
       <valueType>TEXT</valueType>
       <valueREAL></valueREAL>
       <valueTEXT>06:00</valueTEXT>
       <domain>Heating</domain>
       <owner>internal</owner>
       <deviceID></deviceID>
       <lowREAL></lowREAL>
       <highREAL></highREAL>
       <zone>Family</zone>
       <subzone>Heating</subzone>
       <room>Lounge</room>
       <isRemanent>true</isRemanent>
    </process_data>
  <process_data>
       <processTag>floorHeatingWeekdaysEndTime</processTag>
       <valueType>TEXT</valueType>
       <valueREAL></valueREAL>
       <valueTEXT>20:00</valueTEXT>
       <domain>Heating</domain>
       <owner>internal</owner>
       <deviceID></deviceID>
       <lowREAL></lowREAL>
       <highREAL></highREAL>
       <zone>Family</zone>
       <subzone>Heating</subzone>
       <room>Lounge</room>
       <isRemanent>true</isRemanent>
    </process_data>
  <process_data>
       <processTag>floorHeatingWeekendStartTime</processTag>
       <valueType>TEXT</valueType>
       <valueREAL></valueREAL>
       <valueTEXT>06:00</valueTEXT>
       <domain>Heating</domain>
       <owner>internal</owner>
       <deviceID></deviceID>
       <lowREAL></lowREAL>
       <highREAL></highREAL>
       <zone>Family</zone>
       <subzone>Heating</subzone>
       <room>Lounge</room>
       <isRemanent>true</isRemanent>
    </process_data>
  <process_data>
       <processTag>floorHeatingWeekendEndTime</processTag>
       <valueType>TEXT</valueType>
       <valueREAL></valueREAL>
       <valueTEXT>21:30</valueTEXT>
       <domain>Heating</domain>
       <owner>internal</owner>
       <deviceID></deviceID>
       <lowREAL></lowREAL>
       <highREAL></highREAL>
       <zone>Family</zone>
       <subzone>Heating</subzone>
       <room>Lounge</room>
       <isRemanent>true</isRemanent>
    </process_data>
  <process_data>
       <processTag>floorHeatingReducedTemp</processTag>
       <valueType>REAL</valueType>
       <valueREAL>19</valueREAL>
       <valueTEXT></valueTEXT>
       <domain>Heating</domain>
       <owner>internal</owner>
       <deviceID></deviceID>
       <lowREAL>0.0</lowREAL>
       <highREAL>100.0</highREAL>
       <zone>Family</zone>
       <subzone>Heating</subzone>
       <room>Lounge</room>
       <isRemanent>true</isRemanent>
    </process_data>
  <process_data>
       <processTag>floorHeatCurveLevel</processTag>
       <valueType>REAL</valueType>
       <valueREAL>2.0</valueREAL>
       <valueTEXT></valueTEXT>
       <domain>Heating</domain>
       <owner>internal</owner>
       <deviceID></deviceID>
       <lowREAL>-100.0</lowREAL>
       <highREAL>100.0</highREAL>
       <zone>Family</zone>
       <subzone>Heating</subzone>
       <room>Lounge</room>
       <isRemanent>true</isRemanent>
    </process_data>
  <process_data>
       <processTag>floorHeatCurveSlope</processTag>
       <valueType>REAL</valueType>
       <valueREAL>0.5</valueREAL>
       <valueTEXT></valueTEXT>
       <domain>Heating</domain>
       <owner>internal</owner>
       <deviceID></deviceID>
       <lowREAL>0</lowREAL>
       <highREAL>10</highREAL>
       <zone>Family</zone>
       <subzone>Heating</subzone>
       <room>Lounge</room>
       <isRemanent>true</isRemanent>
    </process_data>
  <process_data>
       <processTag>floorHeatingControllerState</processTag>
       <valueType>REAL</valueType>
       <valueREAL>0.0</valueREAL>
       <valueTEXT></valueTEXT>
       <domain>Heating</domain>
       <owner>internal</owner>
       <deviceID></deviceID>
       <lowREAL>0.0</lowREAL>
       <highREAL>1,0</highREAL>
       <zone>Family</zone>
       <subzone>Heating</subzone>
       <room>Lounge</room>
       <isRemanent></isRemanent>
    </process_data>
  <process_data>
       <processTag>floorHeatingAutoSetFlowTemp</processTag>
       <valueType>REAL</valueType>
       <valueREAL>0.0</valueREAL>
       <valueTEXT></valueTEXT>
       <domain>Heating</domain>
       <owner>internal</owner>
       <deviceID></deviceID>
       <lowREAL>0</lowREAL>
       <highREAL>60.0</highREAL>
       <zone>Family</zone>
       <subzone>Heating</subzone>
       <room>Lounge</room>
       <isRemanent></isRemanent>
    </process_data>
  <process_data>
       <processTag>floorHeatingManOp</processTag>
       <valueType>REAL</valueType>
       <valueREAL>0.0</valueREAL>
       <valueTEXT></valueTEXT>
       <domain>Heating</domain>
       <owner>internal</owner>
       <deviceID></deviceID>
       <lowREAL>0.0</lowREAL>
       <highREAL>1,0</highREAL>
       <zone>Family</zone>
       <subzone>Heating</subzone>
       <room>Lounge</room>
       <isRemanent></isRemanent>
    </process_data>
  <process_data>
       <processTag>floorHeatingSetFlowTemp</processTag>
       <valueType>REAL</valueType>
       <valueREAL>0.0</valueREAL>
       <valueTEXT></valueTEXT>
       <domain>Heating</domain>
       <owner>internal</owner>
       <deviceID></deviceID>
       <lowREAL>0</lowREAL>
       <highREAL>60.0</highREAL>
       <zone>Family</zone>
       <subzone>Heating</subzone>
       <room>Lounge</room>
       <isRemanent></isRemanent>
    </process_data>
  <process_data>
       <processTag>floorHeatingSetRoomTemp</processTag>
       <valueType>REAL</valueType>
       <valueREAL>0.0</valueREAL>
       <valueTEXT></valueTEXT>
       <domain>Heating</domain>
       <owner>internal</owner>
       <deviceID></deviceID>
       <lowREAL>0</lowREAL>
       <highREAL>30</highREAL>
       <zone>Family</zone>
       <subzone>Heating</subzone>
       <room>Lounge</room>
       <isRemanent></isRemanent>
    </process_data>
  <process_data>
       <processTag>radiatorHeatingMode</processTag>
       <valueType>REAL</valueType>
       <valueREAL>0.0</valueREAL>
       <valueTEXT></valueTEXT>
       <domain>Heating</domain>
       <owner>internal</owner>
       <deviceID></deviceID>
       <lowREAL>0.0</lowREAL>
       <highREAL>2.0</highREAL>
       <zone>Family</zone>
       <subzone>Heating</subzone>
       <room>Lounge</room>
       <isRemanent>true</isRemanent>
    </process_data>
  <process_data>
       <processTag>radiatorHeatingState</processTag>
       <valueType>REAL</valueType>
       <valueREAL>0.0</valueREAL>
       <valueTEXT></valueTEXT>
       <domain>Heating</domain>
       <owner>internal</owner>
       <deviceID></deviceID>
       <lowREAL>0.0</lowREAL>
       <highREAL>2.0</highREAL>
       <zone>Family</zone>
       <subzone>Heating</subzone>
       <room>Lounge</room>
       <isRemanent></isRemanent>
    </process_data>
  <process_data>
       <processTag>radiatorHeatingSetTemp</processTag>
       <valueType>REAL</valueType>
       <valueREAL>21.0</valueREAL>
       <valueTEXT></valueTEXT>
       <domain>Heating</domain>
       <owner>internal</owner>
       <deviceID></deviceID>
       <lowREAL>0.0</lowREAL>
       <highREAL>100.0</highREAL>
       <zone>Family</zone>
       <subzone>Heating</subzone>
       <room>Lounge</room>
       <isRemanent>true</isRemanent>
    </process_data>
  <process_data>
       <processTag>radiatorHeatingWeekdaysStartTime</processTag>
       <valueType>TEXT</valueType>
       <valueREAL></valueREAL>
       <valueTEXT>06:00</valueTEXT>
       <domain>Heating</domain>
       <owner>internal</owner>
       <deviceID></deviceID>
       <lowREAL></lowREAL>
       <highREAL></highREAL>
       <zone>Family</zone>
       <subzone>Heating</subzone>
       <room>Lounge</room>
       <isRemanent>true</isRemanent>
    </process_data>
  <process_data>
       <processTag>radiatorHeatingWeekdaysEndTime</processTag>
       <valueType>TEXT</valueType>
       <valueREAL></valueREAL>
       <valueTEXT>20:00</valueTEXT>
       <domain>Heating</domain>
       <owner>internal</owner>
       <deviceID></deviceID>
       <lowREAL></lowREAL>
       <highREAL></highREAL>
       <zone>Family</zone>
       <subzone>Heating</subzone>
       <room>Lounge</room>
       <isRemanent>true</isRemanent>
    </process_data>
  <process_data>
       <processTag>radiatorHeatingWeekendStartTime</processTag>
       <valueType>TEXT</valueType>
       <valueREAL></valueREAL>
       <valueTEXT>06:00</valueTEXT>
       <domain>Heating</domain>
       <owner>internal</owner>
       <deviceID></deviceID>
       <lowREAL></lowREAL>
       <highREAL></highREAL>
       <zone>Family</zone>
       <subzone>Heating</subzone>
       <room>Lounge</room>
       <isRemanent>true</isRemanent>
    </process_data>
  <process_data>
       <processTag>radiatorHeatingWeekendEndTime</processTag>
       <valueType>TEXT</valueType>
       <valueREAL></valueREAL>
       <valueTEXT>21:30</valueTEXT>
       <domain>Heating</domain>
       <owner>internal</owner>
       <deviceID></deviceID>
       <lowREAL></lowREAL>
       <highREAL></highREAL>
       <zone>Family</zone>
       <subzone>Heating</subzone>
       <room>Lounge</room>
       <isRemanent>true</isRemanent>
    </process_data>
  <process_data>
       <processTag>radiatorHeatingReducedTemp</processTag>
       <valueType>REAL</valueType>
       <valueREAL>19</valueREAL>
       <valueTEXT></valueTEXT>
       <domain>Heating</domain>
       <owner>internal</owner>
       <deviceID></deviceID>
       <lowREAL>0.0</lowREAL>
       <highREAL>100.0</highREAL>
       <zone>Family</zone>
       <subzone>Heating</subzone>
       <room>Lounge</room>
       <isRemanent>true</isRemanent>
    </process_data>
  <process_data>
       <processTag>radiatorHeatCurveLevel</processTag>
       <valueType>REAL</valueType>
       <valueREAL>2</valueREAL>
       <valueTEXT></valueTEXT>
       <domain>Heating</domain>
       <owner>internal</owner>
       <deviceID></deviceID>
       <lowREAL>-100.0</lowREAL>
       <highREAL>100.0</highREAL>
       <zone>Family</zone>
       <subzone>Heating</subzone>
       <room>Lounge</room>
       <isRemanent>true</isRemanent>
    </process_data>
  <process_data>
       <processTag>radiatorHeatCurveSlope</processTag>
       <valueType>REAL</valueType>
       <valueREAL>0.9</valueREAL>
       <valueTEXT></valueTEXT>
       <domain>Heating</domain>
       <owner>internal</owner>
       <deviceID></deviceID>
       <lowREAL>0</lowREAL>
       <highREAL>10</highREAL>
       <zone>Family</zone>
       <subzone>Heating</subzone>
       <room>Lounge</room>
       <isRemanent>true</isRemanent>
    </process_data>
  <process_data>
       <processTag>radiatorHeatingControllerState</processTag>
       <valueType>REAL</valueType>
       <valueREAL>0.0</valueREAL>
       <valueTEXT></valueTEXT>
       <domain>Heating</domain>
       <owner>internal</owner>
       <deviceID></deviceID>
       <lowREAL>0.0</lowREAL>
       <highREAL>1.0</highREAL>
       <zone>Family</zone>
       <subzone>Heating</subzone>
       <room>Lounge</room>
       <isRemanent></isRemanent>
    </process_data>
  <process_data>
       <processTag>radiatorHeatingAutoSetFlowTemp</processTag>
       <valueType>REAL</valueType>
       <valueREAL>0.0</valueREAL>
       <valueTEXT></valueTEXT>
       <domain>Heating</domain>
       <owner>internal</owner>
       <deviceID></deviceID>
       <lowREAL>0.0</lowREAL>
       <highREAL>60.0</highREAL>
       <zone>Family</zone>
       <subzone>Heating</subzone>
       <room>Lounge</room>
       <isRemanent></isRemanent>
    </process_data>
  <process_data>
       <processTag>radiatorHeatingManOp</processTag>
       <valueType>REAL</valueType>
       <valueREAL>0.0</valueREAL>
       <valueTEXT></valueTEXT>
       <domain>Heating</domain>
       <owner>internal</owner>
       <deviceID></deviceID>
       <lowREAL>0.0</lowREAL>
       <highREAL>1.0</highREAL>
       <zone>Family</zone>
       <subzone>Heating</subzone>
       <room>Lounge</room>
       <isRemanent></isRemanent>
    </process_data>
  <process_data>
       <processTag>radiatorHeatingSetFlowTemp</processTag>
       <valueType>REAL</valueType>
       <valueREAL>0.0</valueREAL>
       <valueTEXT></valueTEXT>
       <domain>Heating</domain>
       <owner>internal</owner>
       <deviceID></deviceID>
       <lowREAL>0</lowREAL>
       <highREAL>60.0</highREAL>
       <zone>Family</zone>
       <subzone>Heating</subzone>
       <room>Lounge</room>
       <isRemanent></isRemanent>
    </process_data>
  <process_data>
       <processTag>radiatorHeatingSetRoomTemp</processTag>
       <valueType>REAL</valueType>
       <valueREAL>0.0</valueREAL>
       <valueTEXT></valueTEXT>
       <domain>Heating</domain>
       <owner>internal</owner>
       <deviceID></deviceID>
       <lowREAL>0</lowREAL>
       <highREAL>30</highREAL>
       <zone>Family</zone>
       <subzone>Heating</subzone>
       <room>Lounge</room>
       <isRemanent></isRemanent>
    </process_data>
</pdi>
