<?xml version="1.0" encoding="UTF-8"?>
<?xml-stylesheet type="text/xsl" href="yaha_pdi.xsl"?>

<pdi>
  <process_data>
       <processTag>actTempBurner</processTag>
       <valueType>REAL</valueType>
       <valueREAL>0.0</valueREAL>
       <valueTEXT></valueTEXT>
       <domain>Heating</domain>
       <owner>internal</owner>
       <deviceID></deviceID>
       <lowREAL>-100.0</lowREAL>
       <highREAL>100.0</highREAL>
       <zone>Family</zone>
       <subzone>Heating</subzone>
       <room></room>
       <isRemanent></isRemanent>
    </process_data>
  <process_data>
       <processTag>actTempFlowRadiator</processTag>
       <valueType>REAL</valueType>
       <valueREAL>0.0</valueREAL>
       <valueTEXT></valueTEXT>
       <domain>Heating</domain>
       <owner>internal</owner>
       <deviceID></deviceID>
       <lowREAL>-100.0</lowREAL>
       <highREAL>100.0</highREAL>
       <zone>Family</zone>
       <subzone>Heating</subzone>
       <room></room>
       <isRemanent></isRemanent>
    </process_data>
  <process_data>
       <processTag>actTempFlowFloor</processTag>
       <valueType>REAL</valueType>
       <valueREAL>0.0</valueREAL>
       <valueTEXT></valueTEXT>
       <domain>Heating</domain>
       <owner>internal</owner>
       <deviceID></deviceID>
       <lowREAL>-100.0</lowREAL>
       <highREAL>100.0</highREAL>
       <zone>Family</zone>
       <subzone>Heating</subzone>
       <room></room>
       <isRemanent></isRemanent>
    </process_data>
  <process_data>
       <processTag>actTempHotwater</processTag>
       <valueType>REAL</valueType>
       <valueREAL>0.0</valueREAL>
       <valueTEXT></valueTEXT>
       <domain>Heating</domain>
       <owner>internal</owner>
       <deviceID></deviceID>
       <lowREAL>-100.0</lowREAL>
       <highREAL>100.0</highREAL>
       <zone>Family</zone>
       <subzone>Heating</subzone>
       <room></room>
       <isRemanent></isRemanent>
    </process_data>
  <process_data>
       <processTag>actTempOutsideNorth</processTag>
       <valueType>REAL</valueType>
       <valueREAL>0.0</valueREAL>
       <valueTEXT></valueTEXT>
       <domain>Heating</domain>
       <owner>internal</owner>
       <deviceID></deviceID>
       <lowREAL>-100.0</lowREAL>
       <highREAL>100.0</highREAL>
       <zone>Family</zone>
       <subzone>Heating</subzone>
       <room></room>
       <isRemanent></isRemanent>
    </process_data>
  <process_data>
       <processTag>actTempRoomLounge</processTag>
       <valueType>REAL</valueType>
       <valueREAL>0.0</valueREAL>
       <valueTEXT></valueTEXT>
       <domain>Heating</domain>
       <owner>internal</owner>
       <deviceID></deviceID>
       <lowREAL>-100.0</lowREAL>
       <highREAL>100.0</highREAL>
       <zone>Family</zone>
       <subzone>Heating</subzone>
       <room></room>
       <isRemanent></isRemanent>
    </process_data>
  <process_data>
       <processTag>actTempRoomLibrary</processTag>
       <valueType>REAL</valueType>
       <valueREAL>0.0</valueREAL>
       <valueTEXT></valueTEXT>
       <domain>Heating</domain>
       <owner>internal</owner>
       <deviceID></deviceID>
       <lowREAL>-100.0</lowREAL>
       <highREAL>100.0</highREAL>
       <zone>Family</zone>
       <subzone>Heating</subzone>
       <room></room>
       <isRemanent></isRemanent>
    </process_data>
</pdi>
