<?xml version='1.0' encoding='us-ascii'?>
<pdi><hotwaterEveningStartTime>16:00</hotwaterEveningStartTime>
<radiatorHeatingMode>0.0</radiatorHeatingMode>
<hotwaterSetTemp>60.0</hotwaterSetTemp>
<radiatorHeatingReducedTemp>18.0</radiatorHeatingReducedTemp>
<floorHeatingMode>0.0</floorHeatingMode>
<globalHeatingMode>1.0</globalHeatingMode>
<radiatorHeatingSetTemp>22.0</radiatorHeatingSetTemp>
<radiatorPumpTotalOperatingHours>286.7535917986762</radiatorPumpTotalOperatingHours>
<floorHeatCurveSlope>0.5</floorHeatCurveSlope>
<floorHeatingReducedTemp>18.0</floorHeatingReducedTemp>
<floorHeatingSetTemp>22.0</floorHeatingSetTemp>
<radiatorHeatCurveLevel>2.0</radiatorHeatCurveLevel>
<radiatorHeatCurveSlope>0.8</radiatorHeatCurveSlope>
<floorHeatCurveLevel>2.0</floorHeatCurveLevel>
<floorHeatingWeekdaysEndTime>21:00</floorHeatingWeekdaysEndTime>
<floorHeatingWeekdaysStartTime>06:00</floorHeatingWeekdaysStartTime>
<hotwaterEveningEndTime>21:30</hotwaterEveningEndTime>
<hotwaterMorningStartTime>05:30</hotwaterMorningStartTime>
<radiatorHeatingWeekdaysStartTime>06:00</radiatorHeatingWeekdaysStartTime>
<radiatorHeatingWeekendStartTime>06:00</radiatorHeatingWeekendStartTime>
<floorHeatingWeekendStartTime>06:00</floorHeatingWeekendStartTime>
<floorPumpTotalOperatingHours>286.7603729028172</floorPumpTotalOperatingHours>
<burnerAnnualOperatingHours>112.01871626244657</burnerAnnualOperatingHours>
<burnerDailyOperatingHours>10.273894470267827</burnerDailyOperatingHours>
<radiatorPumpAnnualOperatingHours>286.7534660267166</radiatorPumpAnnualOperatingHours>
<burnerTotalOperatingHours>112.01871626244657</burnerTotalOperatingHours>
<hotwaterPumpAnnualOperatingHours>62.995952469640336</hotwaterPumpAnnualOperatingHours>
<hotwaterPumpTotalOperatingHours>62.995952469640336</hotwaterPumpTotalOperatingHours>
<floorPumpAnnualOperatingHours>286.7603729028172</floorPumpAnnualOperatingHours>
<hotwaterMorningEndTime>12:00</hotwaterMorningEndTime>
<radiatorHeatingWeekdaysEndTime>21:00</radiatorHeatingWeekdaysEndTime>
<radiatorHeatingWeekendEndTime>21:30</radiatorHeatingWeekendEndTime>
<floorHeatingWeekendEndTime>21:30</floorHeatingWeekendEndTime>
</pdi>