<?xml version="1.0" encoding="UTF-8"?>
<?xml-stylesheet type="text/xsl" href="yaha_pdi.xsl"?>

<pdi>
  <process_data>
       <processTag>cmdSetDateTime</processTag>
       <valueType>REAL</valueType>
       <valueREAL>0</valueREAL>
       <valueTEXT></valueTEXT>
       <domain>Main Control</domain>
       <owner>internal</owner>
       <deviceID></deviceID>
       <lowREAL>0</lowREAL>
       <highREAL>1</highREAL>
       <zone></zone>
       <subzone></subzone>
       <room></room>
       <isRemanent></isRemanent>
    </process_data>
  <process_data>
       <processTag>setDateString</processTag>
       <valueType>TEXT</valueType>
       <valueREAL></valueREAL>
       <valueTEXT></valueTEXT>
       <domain>Main Control</domain>
       <owner>internal</owner>
       <deviceID></deviceID>
       <lowREAL>0</lowREAL>
       <highREAL>1</highREAL>
       <zone></zone>
       <subzone></subzone>
       <room></room>
       <isRemanent></isRemanent>
    </process_data>
  <process_data>
       <processTag>setTimeString</processTag>
       <valueType>TEXT</valueType>
       <valueREAL></valueREAL>
       <valueTEXT></valueTEXT>
       <domain>Main Control</domain>
       <owner>internal</owner>
       <deviceID></deviceID>
       <lowREAL></lowREAL>
       <highREAL></highREAL>
       <zone></zone>
       <subzone></subzone>
       <room></room>
       <isRemanent></isRemanent>
    </process_data>
  <process_data>
       <processTag>currentYear</processTag>
       <valueType>REAL</valueType>
       <valueREAL>0</valueREAL>
       <valueTEXT></valueTEXT>
       <domain>Main Control</domain>
       <owner>internal</owner>
       <deviceID></deviceID>
       <lowREAL></lowREAL>
       <highREAL></highREAL>
       <zone></zone>
       <subzone></subzone>
       <room></room>
       <isRemanent></isRemanent>
    </process_data>
  <process_data>
       <processTag>currentMonth</processTag>
       <valueType>REAL</valueType>
       <valueREAL>0</valueREAL>
       <valueTEXT></valueTEXT>
       <domain>Main Control</domain>
       <owner>internal</owner>
       <deviceID></deviceID>
       <lowREAL></lowREAL>
       <highREAL></highREAL>
       <zone></zone>
       <subzone></subzone>
       <room></room>
       <isRemanent></isRemanent>
    </process_data>
  <process_data>
       <processTag>currentDay</processTag>
       <valueType>REAL</valueType>
       <valueREAL>0</valueREAL>
       <valueTEXT></valueTEXT>
       <domain>Main Control</domain>
       <owner>internal</owner>
       <deviceID></deviceID>
       <lowREAL></lowREAL>
       <highREAL></highREAL>
       <zone></zone>
       <subzone></subzone>
       <room></room>
       <isRemanent></isRemanent>
    </process_data>
  <process_data>
       <processTag>currentHour</processTag>
       <valueType>REAL</valueType>
       <valueREAL>0</valueREAL>
       <valueTEXT></valueTEXT>
       <domain>Main Control</domain>
       <owner>internal</owner>
       <deviceID></deviceID>
       <lowREAL></lowREAL>
       <highREAL></highREAL>
       <zone></zone>
       <subzone></subzone>
       <room></room>
       <isRemanent></isRemanent>
    </process_data>
  <process_data>
       <processTag>currentMinute</processTag>
       <valueType>REAL</valueType>
       <valueREAL>0</valueREAL>
       <valueTEXT></valueTEXT>
       <domain>Main Control</domain>
       <owner>internal</owner>
       <deviceID></deviceID>
       <lowREAL></lowREAL>
       <highREAL></highREAL>
       <zone></zone>
       <subzone></subzone>
       <room></room>
       <isRemanent></isRemanent>
    </process_data>
  <process_data>
       <processTag>currentSecond</processTag>
       <valueType>REAL</valueType>
       <valueREAL>0</valueREAL>
       <valueTEXT></valueTEXT>
       <domain>Main Control</domain>
       <owner>internal</owner>
       <deviceID></deviceID>
       <lowREAL></lowREAL>
       <highREAL></highREAL>
       <zone></zone>
       <subzone></subzone>
       <room></room>
       <isRemanent></isRemanent>
    </process_data>
  <process_data>
       <processTag>systemTickRunTime</processTag>
       <valueType>REAL</valueType>
       <valueREAL>0.0</valueREAL>
       <valueTEXT></valueTEXT>
       <domain>Main Control</domain>
       <owner>internal</owner>
       <deviceID></deviceID>
       <lowREAL>0.0</lowREAL>
       <highREAL>100000.0</highREAL>
       <zone></zone>
       <subzone></subzone>
       <room></room>
       <isRemanent></isRemanent>
    </process_data>
  <process_data>
       <processTag>cpuLoad</processTag>
       <valueType>REAL</valueType>
       <valueREAL>0.0</valueREAL>
       <valueTEXT></valueTEXT>
       <domain>Main Control</domain>
       <owner>internal</owner>
       <deviceID></deviceID>
       <lowREAL>0.0</lowREAL>
       <highREAL>1.0</highREAL>
       <zone></zone>
       <subzone></subzone>
       <room></room>
       <isRemanent></isRemanent>
    </process_data>
  <process_data>
       <processTag>cmdStopSystem</processTag>
       <valueType>REAL</valueType>
       <valueREAL>0</valueREAL>
       <valueTEXT></valueTEXT>
       <domain>Main Control</domain>
       <owner>internal</owner>
       <deviceID></deviceID>
       <lowREAL>0</lowREAL>
       <highREAL>1</highREAL>
       <zone></zone>
       <subzone></subzone>
       <room></room>
       <isRemanent></isRemanent>
    </process_data>
  <process_data>
       <processTag>homeLongitude</processTag>
       <valueType>REAL</valueType>
       <valueREAL>13.124845</valueREAL>
       <valueTEXT></valueTEXT>
       <domain>Main Control</domain>
       <owner>internal</owner>
       <deviceID></deviceID>
       <lowREAL>-180</lowREAL>
       <highREAL>180</highREAL>
       <zone></zone>
       <subzone></subzone>
       <room></room>
       <isRemanent></isRemanent>
    </process_data>
  <process_data>
       <processTag>homeLatitude</processTag>
       <valueType>REAL</valueType>
       <valueREAL>48.000443</valueREAL>
       <valueTEXT></valueTEXT>
       <domain>Main Control</domain>
       <owner>internal</owner>
       <deviceID></deviceID>
       <lowREAL>-90</lowREAL>
       <highREAL>90</highREAL>
       <zone></zone>
       <subzone></subzone>
       <room></room>
       <isRemanent></isRemanent>
    </process_data>
  <process_data>
       <processTag>homeElevation</processTag>
       <valueType>REAL</valueType>
       <valueREAL>504</valueREAL>
       <valueTEXT></valueTEXT>
       <domain>Main Control</domain>
       <owner>internal</owner>
       <deviceID></deviceID>
       <lowREAL>-100</lowREAL>
       <highREAL>50000</highREAL>
       <zone></zone>
       <subzone></subzone>
       <room></room>
       <isRemanent></isRemanent>
    </process_data>
  <process_data>
       <processTag>homeTimezone</processTag>
       <valueType>TEXT</valueType>
       <valueREAL></valueREAL>
       <valueTEXT>Europe/Vienna</valueTEXT>
       <domain>Main Control</domain>
       <owner>internal</owner>
       <deviceID></deviceID>
       <lowREAL></lowREAL>
       <highREAL></highREAL>
       <zone></zone>
       <subzone></subzone>
       <room></room>
       <isRemanent></isRemanent>
    </process_data>
  <process_data>
       <processTag>count1</processTag>
       <valueType>REAL</valueType>
       <valueREAL>0.0</valueREAL>
       <valueTEXT></valueTEXT>
       <domain>Main Control</domain>
       <owner>internal</owner>
       <deviceID></deviceID>
       <lowREAL>0.0</lowREAL>
       <highREAL>1000000.0</highREAL>
       <zone></zone>
       <subzone></subzone>
       <room></room>
       <isRemanent></isRemanent>
    </process_data>
  <process_data>
       <processTag>var1</processTag>
       <valueType>REAL</valueType>
       <valueREAL>1.0</valueREAL>
       <valueTEXT></valueTEXT>
       <domain>Main Control</domain>
       <owner>internal</owner>
       <deviceID></deviceID>
       <lowREAL>0.0</lowREAL>
       <highREAL>1000000.0</highREAL>
       <zone></zone>
       <subzone></subzone>
       <room></room>
       <isRemanent></isRemanent>
    </process_data>
  <process_data>
       <processTag>var2</processTag>
       <valueType>REAL</valueType>
       <valueREAL>2.0</valueREAL>
       <valueTEXT></valueTEXT>
       <domain>Main Control</domain>
       <owner>internal</owner>
       <deviceID></deviceID>
       <lowREAL>0.0</lowREAL>
       <highREAL>1000000.0</highREAL>
       <zone></zone>
       <subzone></subzone>
       <room></room>
       <isRemanent></isRemanent>
    </process_data>
  <process_data>
       <processTag>var3</processTag>
       <valueType>REAL</valueType>
       <valueREAL>2.0</valueREAL>
       <valueTEXT></valueTEXT>
       <domain>Main Control</domain>
       <owner>internal</owner>
       <deviceID></deviceID>
       <lowREAL>0.0</lowREAL>
       <highREAL>1000000.0</highREAL>
       <zone></zone>
       <subzone></subzone>
       <room></room>
       <isRemanent></isRemanent>
    </process_data>
  <process_data>
       <processTag>selectStandard</processTag>
       <valueType>TEXT</valueType>
       <valueREAL></valueREAL>
       <valueTEXT></valueTEXT>
       <domain>Main Control</domain>
       <owner>internal</owner>
       <deviceID></deviceID>
       <lowREAL></lowREAL>
       <highREAL></highREAL>
       <zone></zone>
       <subzone></subzone>
       <room></room>
       <isRemanent></isRemanent>
    </process_data>
  <process_data>
       <processTag>selectGroup</processTag>
       <valueType>TEXT</valueType>
       <valueREAL></valueREAL>
       <valueTEXT></valueTEXT>
       <domain>Main Control</domain>
       <owner>internal</owner>
       <deviceID></deviceID>
       <lowREAL></lowREAL>
       <highREAL></highREAL>
       <zone></zone>
       <subzone></subzone>
       <room></room>
       <isRemanent></isRemanent>
    </process_data>
  <process_data>
       <processTag>selectText</processTag>
       <valueType>TEXT</valueType>
       <valueREAL></valueREAL>
       <valueTEXT></valueTEXT>
       <domain>Main Control</domain>
       <owner>internal</owner>
       <deviceID></deviceID>
       <lowREAL></lowREAL>
       <highREAL></highREAL>
       <zone></zone>
       <subzone></subzone>
       <room></room>
       <isRemanent></isRemanent>
    </process_data>
  <process_data>
       <processTag>radiogroup1</processTag>
       <valueType>REAL</valueType>
       <valueREAL>0</valueREAL>
       <valueTEXT></valueTEXT>
       <domain>Main Control</domain>
       <owner>internal</owner>
       <deviceID></deviceID>
       <lowREAL>0</lowREAL>
       <highREAL>1</highREAL>
       <zone></zone>
       <subzone></subzone>
       <room></room>
       <isRemanent></isRemanent>
    </process_data>
  <process_data>
       <processTag>radiogroup2</processTag>
       <valueType>REAL</valueType>
       <valueREAL>0</valueREAL>
       <valueTEXT></valueTEXT>
       <domain>Main Control</domain>
       <owner>internal</owner>
       <deviceID></deviceID>
       <lowREAL>0</lowREAL>
       <highREAL>1</highREAL>
       <zone></zone>
       <subzone></subzone>
       <room></room>
       <isRemanent></isRemanent>
    </process_data>
  <process_data>
       <processTag>checkboxgroup1</processTag>
       <valueType>REAL</valueType>
       <valueREAL>0</valueREAL>
       <valueTEXT></valueTEXT>
       <domain>Main Control</domain>
       <owner>internal</owner>
       <deviceID></deviceID>
       <lowREAL>0</lowREAL>
       <highREAL>1</highREAL>
       <zone></zone>
       <subzone></subzone>
       <room></room>
       <isRemanent></isRemanent>
    </process_data>
  <process_data>
       <processTag>checkboxgroup2</processTag>
       <valueType>REAL</valueType>
       <valueREAL>0</valueREAL>
       <valueTEXT></valueTEXT>
       <domain>Main Control</domain>
       <owner>internal</owner>
       <deviceID></deviceID>
       <lowREAL>0</lowREAL>
       <highREAL>1</highREAL>
       <zone></zone>
       <subzone></subzone>
       <room></room>
       <isRemanent></isRemanent>
    </process_data>
</pdi>
